WAY_ID;TRANSPORT_ID;CODE;NAME;NAME_SHORT
-239;1;0;метро;м239
1;2;1;1 автобус Зеленоград;А_З-1
2;2;2;2 автобус Зеленоград;А_З-2
3;2;3;3 автобус Зеленоград;А_З-3
4;2;4;4 автобус Зеленоград;А_З-4
5;2;5;5 автобус Зеленоград;АЗ_З-5
6;2;6;7 автобус Зеленоград;АЗ_7
7;2;7;8 автобус Зеленоград;А_З-8
8;2;8;9 автобус Зеленоград;А_З-9
9;2;9;10 автобус Зеленоград;А_З-10
10;2;10;11 автобус Зеленоград;А_З-11
11;2;11;12 автобус Зеленоград;А_З-12
12;2;12;13 автобус Зеленоград;АЗ_13
13;2;13;14 автобус Зеленоград;А_З-14
14;2;14;15 автобус Зеленоград;А_З-15
15;2;15;16 автобус Зеленоград;А_З-16
16;2;16;17 автобус Зеленоград;АЗ_З-17
17;2;17;18 автобус Зеленоград;АЗ_18
18;2;18;19 автобус Зеленоград;А_З-19
19;2;19;20 автобус Зеленоград;А_З-20
20;2;20;21 автобус Зеленоград;А_З-21
21;2;21;22 автобус Зеленоград;А_З-22
22;2;22;23 автобус Зеленоград;А_З-23
23;2;23;М1 автобус;А_М1
24;3;24;19 трамвай;Тр_19
25;2;25;5 автобус;А_5
26;3;26;25 трамвай;Тр_25
27;2;27;707к автобус;А_707к
28;2;28;864 автобус пригород МО;АП_864
29;2;29;720к автобус;А_720к
30;2;30;890 автобус пригород МО;АП_890
31;2;31;Э автобус;А_Э
32;2;32;Э2 автобус;А_Э2
33;2;33;П-Э автобус;А_П-Э
34;2;34;н1 автобус;А_н1
35;3;35;17 трамвай;Тр_17
36;2;36;611с автобус;А_611с
37;2;37;37 автобус;А_37
38;4;38;38 троллейбус;Тб_38
39;2;39;39 автобус;А_39
40;2;40;40 автобус;А_40
41;2;41;41 автобус;А_41
42;2;42;42 автобус;А_42
43;2;43;43 автобус;А_43
44;2;44;44 автобус;А_44
45;2;45;45 автобус;А_45
46;2;46;46 автобус;А_46
47;2;47;865 автобус;А_865
48;2;48;48 автобус;А_48
49;2;49;49 автобус;А_49
50;4;50;50 троллейбус;Тб_50
51;2;51;51 автобус;А_51
52;2;52;52 автобус;А_52
53;2;53;53 автобус;А_53
54;2;54;54 автобус;А_54
55;2;55;55 автобус;А_55
56;2;56;56 автобус;А_56
57;2;57;57 автобус;А_57
58;2;58;58 автобус;А_58
59;2;59;59 автобус;А_59
60;2;60;60 автобус;А_60
61;2;61;61 автобус;А_61
62;2;62;62 автобус;А_62
63;2;63;63 автобус;А_63
64;2;64;64 автобус;А_64
65;2;65;65 автобус;А_65
66;2;66;66 автобус;А_66
67;2;67;67 автобус;А_67
68;2;68;68 автобус;А_68
69;2;69;69 автобус;А_69
70;2;70;70 автобус;А_70
71;2;71;71 автобус;А_71
72;2;72;72 автобус;А_72
73;2;74;74 автобус;А_74
74;2;75;75 автобус;А_75
75;2;76;76 автобус;А_76
76;2;77;77 автобус;А_77
77;2;78;78 автобус;А_78
78;2;79;79 автобус;А_79
79;2;80;80 автобус;А_80
80;2;81;81 автобус;А_81
81;2;82;82 автобус;А_82
82;2;83;83 автобус;А_83
83;2;84;84 автобус;А_84
84;4;85;85 троллейбус;Тб_85
85;2;86;86 автобус;А_86
86;2;87;87 автобус;А_87
87;2;88;88 автобус;А_88
88;2;89;89 автобус;А_89
89;2;90;90 автобус;А_90
90;2;92;92 автобус;А_92
91;2;93;93 автобус;А_93
92;2;94;94 автобус;А_94
93;2;95;95 автобус;А_95
94;2;96;96 автобус;А_96
95;2;97;97 автобус;А_97
96;2;98;98 автобус;А_98
97;2;99;99 автобус;А_99
98;2;100;100 автобус;А_100
99;2;101;101 автобус;А_101
100;2;102;102 автобус;А_102
101;2;103;103 автобус;А_103
102;2;104;104 автобус;А_104
103;2;105;105 автобус;А_105
104;2;106;106 автобус;А_106
105;2;107;107 автобус;А_107
106;2;108;108 автобус;А_108
107;2;109;109 автобус;А_109
108;2;110;110 автобус;А_110
109;2;111;111 автобус;А_111
110;2;112;112 автобус;А_112
111;2;113;113 автобус;А_113
112;2;114;114 автобус;А_114
113;2;115;115 автобус;А_115
114;2;116;116 автобус;А_116
115;2;117;117 автобус;А_117
116;2;118;118 автобус;А_118
117;2;119;119 автобус;А_119
118;2;120;120 автобус;А_120
119;2;121;121 автобус;А_121
120;2;122;122 автобус;А_122
121;2;123;123 автобус;А_123
122;2;124;124 автобус;А_124
123;2;125;125 автобус;А_125
124;2;126;126 автобус;А_126
125;2;127;127 автобус;А_127
126;2;128;128 автобус;А_128
127;2;129;129 автобус;А_129
128;2;130;130 автобус;А_130
129;2;131;131 автобус;А_131
130;2;132;132 автобус;А_132
131;2;133;133 автобус;А_133
132;2;134;134 автобус;А_134
133;2;135;135 автобус;А_135
134;2;136;136 автобус;А_136
135;2;137;137 автобус;А_137
136;2;138;138 автобус;А_138
137;2;139;139 автобус;А_139
138;2;140;140 автобус;А_140
139;2;141;141 автобус;А_141
140;2;142;142 автобус;А_142
141;2;143;143 автобус;А_143
142;2;144;144 автобус;А_144
143;2;145;145 автобус;А_145
144;2;146;146 автобус;А_146
145;2;147;147 автобус;А_147
146;2;148;148 автобус;А_148
147;2;149;149 автобус;А_149
148;2;150;150 автобус;А_150
149;2;151;151 автобус;А_151
150;2;152;152 автобус;А_152
151;2;153;153 автобус;А_153
152;2;154;154 автобус;А_154
153;2;155;155 автобус;А_155
154;2;156;156 автобус;А_156
155;2;157;157 автобус;А_157
156;2;158;158 автобус;А_158
157;2;159;159 автобус;А_159
158;2;160;160 автобус;А_160
159;2;161;161 автобус;А_161
160;2;162;162 автобус;А_162
161;2;163;163 автобус;А_163
162;2;164;164 автобус;А_164
163;2;165;165 автобус;А_165
164;2;166;166 автобус;А_166
165;2;167;167 автобус;А_167!
166;2;168;168 автобус;А_168
167;2;169;169 автобус;А_169
168;2;170;170 автобус;А_170
169;2;171;171 автобус;А_171
170;2;172;172 автобус;А_172
171;2;173;173 автобус;А_173
172;2;174;174 автобус;А_174
173;2;175;175 автобус;А_175
174;2;176;176 автобус;А_176
175;2;177;177 автобус;А_177
176;2;178;178 автобус;А_178
177;2;179;179 автобус;А_179
178;2;180;180 автобус;А_180
179;2;181;181 автобус;А_181
180;2;182;182 автобус;А_182
181;2;183;183 автобус;А_183
182;2;184;184 автобус;А_184
183;2;185;185 автобус;А_185
184;2;186;186 автобус;А_186
185;2;187;187 автобус;А_187
186;2;188;188 автобус;А_188
187;2;189;189 автобус;А_189
188;2;190;190 автобус;А_190
189;2;191;191 автобус;А_191
190;2;192;192 автобус;А_192
191;2;193;193 автобус;А_193
192;2;194;194 автобус;А_194
193;2;195;195 автобус;А_195
194;2;196;196 автобус;А_196
195;2;197;197 автобус;А_197
196;2;198;198 автобус;А_198
197;2;199;199 автобус;А_199
198;2;200;200 автобус;А_200
199;2;201;201 автобус;А_201
200;2;202;202 автобус;А_202
201;2;203;203 автобус;А_203
202;2;204;204 автобус;А_204
203;2;205;205 автобус;А_205
204;2;206;206 автобус;А_206
205;2;207;207 автобус;А_207
206;2;208;208 автобус;А_208
207;2;209;209 автобус;А_209
208;2;210;210 автобус;А_210
209;2;211;211 автобус;А_211
210;2;212;212 автобус;А_212
211;2;213;213 автобус;А_213
212;2;214;214 автобус;А_214
213;2;215;215 автобус;А_215
214;2;216;216 автобус;А_216
215;2;217;217 автобус;А_217
216;2;218;218 автобус;А_218
217;2;219;219 автобус;А_219
218;2;220;220 автобус;А_220
219;2;221;221 автобус;А_221
220;2;222;222 автобус;А_222
221;2;223;223 автобус;А_223
222;2;224;224 автобус;А_224
223;2;225;225 автобус;А_225
224;2;226;226 автобус;А_226
225;2;227;227 автобус;А_227
226;2;228;228 автобус;А_228
227;2;229;229 автобус;А_229
228;2;230;230 автобус;А_230
229;2;231;231 автобус;А_231
230;2;232;232 автобус;А_232
231;2;233;233 автобус;А_233
232;2;234;234 автобус;А_234
233;2;235;235 автобус;А_235
234;2;236;236 автобус;А_236
235;2;237;237 автобус;А_237
236;2;238;238 автобус;А_238
237;2;239;239 автобус;А_239
238;2;240;240 автобус;А_240
239;2;241;241 автобус;А_241
240;2;242;242 автобус;А_242
241;2;243;243 автобус;А_243
242;2;244;244 автобус;А_244
243;2;245;245 автобус;А_245
244;2;246;246 автобус;А_246
245;2;247;247 автобус;А_247
246;2;248;248 автобус;А_248
247;2;249;249 автобус;А_249
248;2;250;250 автобус;А_250
249;2;251;251 автобус;А_251
250;2;252;252 автобус;А_252!
251;2;253;253 автобус;А_253
252;2;254;254 автобус;А_254
253;2;255;255 автобус;А_255
254;2;256;256 автобус;А_256
255;2;257;257 автобус;А_257
256;2;258;258 автобус;А_258
257;2;259;259 автобус;А_259
258;2;260;260 автобус;А_260
259;2;261;261 автобус;А_261
260;2;262;262 автобус;А_262
261;2;263;263 автобус;А_263
262;2;264;264 автобус;А_264
263;2;265;265 автобус;А_265
264;2;266;266 автобус;А_266
265;2;267;267 автобус;А_267
266;2;268;268 автобус;А_268
267;2;269;269 автобус;А_269
268;2;270;270 автобус;А_270
269;2;271;271 автобус;А_271
270;2;272;272 автобус;А_272
271;2;273;273 автобус;А_273
272;2;274;274 автобус;А_274
273;2;275;275 автобус;А_275
274;2;276;276 автобус;А_276
275;2;277;277 автобус;А_277
276;2;278;278 автобус;А_278
277;2;279;279 автобус;А_279
278;2;280;280 автобус;А_280
279;2;281;281 автобус;А_281
280;2;282;282 автобус;А_282
281;2;283;283 автобус;А_283
282;2;284;284 автобус;А_284
283;2;285;285 автобус;А_285
284;2;286;286 автобус;А_286
285;2;287;287 автобус;А_287
286;2;288;288 автобус;А_288
287;2;289;289 автобус;А_289
288;2;290;290 автобус;А_290
289;2;291;291 автобус;А_291
290;2;292;292 автобус;А_292
291;2;293;293 автобус;А_293
292;2;294;294 автобус;А_294
293;2;295;295 автобус;А_295
294;2;296;296 автобус;А_296
295;2;297;297 автобус;А_297
296;2;298;298 автобус;А_298
297;2;299;299 автобус;А_299
298;2;300;6 автобус Зеленоград;АЗ_6
299;2;301;218к автобус;А_218к
300;4;302;8 троллейбус;Тб_8
301;2;303;670к автобус;А_670к
302;2;304;Т автобус;А_Т
303;2;305;4 автобус;А_4
304;2;306;6 автобус;А_6
305;4;307;4 троллейбус;Тб_4
306;2;308;8 автобус;А_8
307;4;309;27 троллейбус;Тб_27
308;2;310;000 автобус;А_0
309;2;311;22 автобус;А_22
310;2;312;50 автобус;А_50
311;2;313;23 автобус;А_23
312;2;314;33 автобус;А_33
313;2;315;34 автобус;А_34
314;2;316;26 автобус;А_26
315;2;317;16 автобус;А_16
316;2;318;32 автобус;А_32
317;2;319;27 автобус;А_27
318;2;320;38 автобус;А_38
319;2;321;321 автобус;А_321
320;2;322;1 автобус;А_1
321;2;323;10 автобус;А_10
322;2;324;С10 автобус;А_С10
323;4;325;81 троллейбус;Тб_81
324;4;326;39 троллейбус;Тб_39
325;2;327;35 автобус;А_35
326;2;328;30 автобус;А_30
327;2;329;Вч автобус;А_Вч
328;2;330;Вк автобус;А_Вк
329;2;331;29 автобус;А_29
330;2;332;31 автобус;А_31
331;2;333;24 автобус;А_24
332;2;334;007 автобус;А_7
333;2;335;36 автобус;А_36
334;2;336;14 автобус;А_14
335;2;337;15 автобус;А_15
336;2;338;17 автобус;А_17
337;2;339;012 автобус;А_12
338;2;340;876 автобус пригород МО;АП_876
339;2;341;019 автобус;А_19
340;2;342;003 автобус;А_3
341;2;343;9 автобус;А_9
342;2;344;28 автобус;А_28
343;4;345;57 троллейбус;Тб_57
344;4;346;19 троллейбус;Тб_19
345;4;347;23 троллейбус;Тб_23
346;4;348;25 троллейбус;Тб_25
347;4;349;51 троллейбус;Тб_51
348;4;350;55 троллейбус;Тб_55
349;4;351;29 троллейбус;Тб_29
350;4;352;42 троллейбус;Тб_42
351;4;353;18 троллейбус;Тб_18
352;4;354;9 троллейбус;Тб_9
353;4;355;37 троллейбус;Тб_37
354;4;356;48 троллейбус;Тб_48
355;2;357;85 автобус;А_85
356;4;358;2 троллейбус;Тб_2
357;4;359;44 троллейбус;Тб_44
358;2;360;11 автобус;А_11
359;2;361;47 автобус;А_47
360;2;362;362 автобус;А_362
361;2;363;363 автобус;А_363
362;2;364;18 автобус;А_18
363;2;365;10ф маршрут Зеленоград;АЗ_10ф
364;2;366;772кр автобус;А_772кр
365;2;367;20 автобус;А_20
366;2;368;К автобус;А_К
367;2;369;13 автобус;А_13
368;2;370;2 автобус;А_2!
369;2;371;12ц автобус;А_12ц
370;2;372;965 автобус;А_965
371;2;373;021 автобус;А_021
372;2;374;21 автобус;А_21
373;4;375;6 троллейбус;Тб_6
374;4;376;24 троллейбус;Тб_24
375;4;377;53 троллейбус;Тб_53
376;4;378;21 троллейбус;Тб_21
377;4;379;58 троллейбус;Тб_58
378;4;380;61 троллейбус;Тб_61
379;4;381;22 троллейбус;Тб_22
380;4;382;12 троллейбус;Тб_12
381;4;383;64 троллейбус;Тб_64
382;4;384;68 троллейбус;Тб_68
383;4;385;43 троллейбус;Тб_43
384;4;386;32 троллейбус;Тб_32
385;4;387;86 троллейбус;Тб_86
386;4;388;65 троллейбус;Тб_65
387;4;389;59 троллейбус;Тб_59
388;4;390;45 троллейбус;Тб_45
389;4;391;77 троллейбус;Тб_77
390;2;392;37к автобус;А_37к
391;4;393;35 троллейбус;Тб_35
392;4;394;13 троллейбус;Тб_13
393;4;395;69 троллейбус;Тб_69
394;4;396;70 троллейбус;Тб_70
395;4;397;41 троллейбус;Тб_41
396;4;398;7 троллейбус;Тб_7
397;4;399;20 троллейбус;Тб_20
398;2;400;400 автобус Зеленоград;А_400
399;2;401;510э автобус пригород;АП_510э
400;2;402;02 автобус;А_02
401;2;403;31 автобус Зеленоград;А_З-31
402;4;405;67к троллейбус;Тб_67к
403;2;406;1001 автобус пригород МО;АП_1001
404;2;407;610к автобус;А_610к
405;2;408;531к автобус пригород МО;АП_531к
406;2;409;127ф автобус;А_127ф
407;3;410;9 трамвай;Тр_9
408;4;411;83 троллейбус;Тб_83
409;2;412;П автобус;А_П
410;2;413;028 автобус;А_028
411;4;414;87 троллейбус;Тб_87
412;2;415;32к автобус;А_32к
413;3;416;29 трамвай;Тр_29
414;3;417;33 трамвай;Тр_33
415;3;418;22 трамвай;Тр_22
416;2;419;Н автобус;А_Н
417;2;420;Э1 автобус;А_Э1
418;2;421;Д автобус;А_Д
419;2;422;23ф автобус Зеленоград;АЗ_23ф
420;2;423;220к автобус;А_220к
421;2;424;11ф автобус Зеленоград;АЗ_11ф
422;4;425;15 троллейбус;Тб_15
423;3;426;26 трамвай;Тр_26
424;3;427;16 трамвай;Тр_16
425;3;428;14 трамвай;Тр_14
426;3;429;3 трамвай;Тр_3
427;3;430;А трамвай;Тр_А
428;3;431;1 трамвай;Тр_1
429;3;432;32 трамвай;Тр_32
430;3;433;13 трамвай;Тр_13
431;3;434;34 трамвай;Тр_34
432;3;435;35 трамвай;Тр_35
433;3;436;36 трамвай;Тр_36
434;3;437;37 трамвай;Тр_37
435;3;438;38 трамвай;Тр_38
436;3;439;39 трамвай;Тр_39
437;3;440;20 трамвай;Тр_20
438;3;441;4п трамвай;Тр_4п
439;3;442;12 трамвай;Тр_12
440;3;443;43 трамвай;Тр_43
441;3;444;24 трамвай;Тр_24
442;3;445;45 трамвай;Тр_45
443;3;446;46 трамвай;Тр_46
444;3;447;47 трамвай;Тр_47
445;3;448;8 трамвай;Тр_8
446;3;449;2 трамвай;Тр_2
447;3;450;50 трамвай;Тр_50
448;3;451;30 трамвай;Тр_30
449;3;452;28 трамвай;Тр_28
450;3;453;27 трамвай;Тр_27
451;3;454;23 трамвай;Тр_23
452;3;455;21 трамвай;Тр_21
453;3;456;15 трамвай;Тр_15
454;3;457;10 трамвай;Тр_10
455;3;458;6 трамвай;Тр_6
456;2;459;133к автобус;А_133к
457;3;460;11 трамвай;Тр_11
458;3;461;7 трамвай;Тр_7
459;3;462;4л трамвай;Тр_4л
460;4;463;52 троллейбус;Тб_52
461;4;464;63 троллейбус;Тб_63
462;4;465;72 троллейбус;Тб_72
463;4;466;26 троллейбус;Тб_26
464;4;467;16 троллейбус;Тб_16
465;4;468;1 троллейбус;Тб_1
466;4;469;62 троллейбус;Тб_62
467;4;470;60 троллейбус;Тб_60
468;4;471;40 троллейбус;Тб_40
469;4;472;11 троллейбус;Тб_11
470;4;473;49 троллейбус;Тб_49
471;4;474;33 троллейбус;Тб_33
472;4;475;74 троллейбус;Тб_74
473;4;476;71 троллейбус;Тб_71
474;4;477;67 троллейбус;Тб_67
475;4;478;14 троллейбус;Тб_14
476;4;479;28 троллейбус;Тб_28
477;4;480;46 троллейбус;Тб_46
478;4;481;75 троллейбус;Тб_75
479;4;482;76 троллейбус;Тб_76
480;4;483;3 троллейбус;Тб_3
481;4;484;84 троллейбус;Тб_84
482;4;485;78 троллейбус;Тб_78
483;4;486;56 троллейбус;Тб_56
484;4;487;30 троллейбус;Тб_30
485;4;488;34 троллейбус;Тб_34
486;4;489;73 троллейбус;Тб_73
487;4;490;47 троллейбус;Тб_47
488;4;491;10 троллейбус;Тб_10
489;4;492;17 троллейбус;Тб_17
490;4;493;80 троллейбус;Тб_80
491;4;494;79 троллейбус;Тб_79
492;4;495;31 троллейбус;Тб_31
493;4;496;Б троллейбус;Тб_Б
494;4;497;Бк троллейбус;Тб_Бк
495;4;498;54 троллейбус;Тб_54
496;4;499;36 троллейбус;Тб_36
497;2;500;Технический;Техник
498;2;501;69к автобус;А_69к
499;2;502;2с автобус;А_2с
500;2;503;627к автобус;А_627к
501;2;504;704кр автобус;А_704кр
502;2;505;105к автобус;А_105к
503;2;506;655к автобус;А_655к
504;2;507;67к автобус;А_67к
505;2;508;508 автобус пригород МО;АП_508
506;3;509;40 трамвай;Тр_40
507;2;510;510 автобус пригород;АП_510
508;2;511;869 автобус;А_869
509;2;512;512 автобус пригород МО;АП_512
510;2;513;513 автобус пригород МО;АП_513
511;2;514;514 автобус пригород МО;АП_514
512;2;515;515 автобус пригород МО;АП_515
513;2;516;124ф автобус;А_124ф
514;2;517;С3 автобус;А_С3
515;2;518;518 автобус;А_518
516;2;519;719ф автобус;А_719ф
517;2;520;520 автобус;А_520
518;2;521;298ф автобус;А_298ф
519;2;522;012 автобус;А_012
520;2;523;861 автобус;А_861
521;2;524;19ф автобус Зеленоград;АЗ_19ф
522;2;525;293ф автобус;А_293ф
523;2;526;526 автобус пригород МО;АП_526
524;2;527;013 автобус;А_013
525;2;528;28 автобус Зеленоград;А_З-28
526;2;529;29 автобус Зеленоград;А_З-29
527;2;530;30 автобус Зеленоград;АЗ_30
528;2;531;531 автобус пригород МО;АП_531
529;2;532;032 автобус;А_032
530;2;533;533 автобус;А_533
531;2;534;1004 автобус пригород МО;АП_1004
532;2;535;790ф автобус;А_790ф
533;2;536;035 автобус;А_035
534;2;537;711к автобус;А_711к
535;2;538;16ф автобус Зеленоград;АЗ_16ф
536;2;539;639ф автобус;А_639ф
537;2;540;046 автобус;А_046
538;2;541;541 автобус пригород;АП_541
539;2;542;542 автобус пригород;АП_542
540;2;543;863 автобус пригород МО;АП_863
541;2;544;144к автобус;А_144к
542;4;545;43к троллейбус;Тб_43к
543;2;546;1002 автобус пригород МО;АП_1002
544;2;547;20ф маршрут Зеленоград;АЗ_20ф
545;2;548;641ф автобус;А_641ф
546;2;549;549 автобус пригород;АП_549
547;2;550;215к автобус;А_215к
548;2;551;821 автобус;А_821
549;2;552;702к автобус;А_702к
550;2;553;889 автобус;А_889
551;2;554;Е автобус;А_Е
552;2;555;3ф автобус;А_3ф
553;2;556;06 автобус;А_06
554;2;557;24 автобус Зеленоград;А_З-24
555;2;558;400к автобус Зеленоград;А_400к
556;5;559;1 социальное такси;СТ_1
557;2;560;510д автобус пригород;АП_510д
558;2;561;68ф автобус;А_68ф
559;2;562;32 автобус Зеленоград;А_З-32
560;2;563;763к автобус;А_763к
561;2;564;90ф автобус;А_90ф
562;2;565;565 автобус;А_565
563;2;566;257к автобус;А_257к
564;2;567;17ф автобус Зеленоград;АЗ_17ф
565;2;568;568 автобус пригород;АП_568
566;2;569;144ф автобус;А_144ф
567;2;570;570 автобус;А_570
568;2;571;616ф автобус;А_616ф
569;2;572;661ф автобус;А_661ф
570;2;573;531э автобус пригород МО;АП_531р
571;2;574;034 автобус;А_034
572;2;575;575 автобус пригород;АП_575
573;2;576;МЦ автобус;А_МЦ
574;2;577;577 автобус пригород МО;АП_577
575;2;578;522 автобус пригород;АП_522
576;4;579;79к троллейбус;Тб_79к
577;2;580;217э автобус;А_217э
578;2;581;151к автобус;А_151к
579;4;582;82 троллейбус;Тб_82
580;2;583;18э автобус;А_18э
581;2;584;150э автобус;А_150э
582;2;585;815к автобус;А_815к
583;2;586;Э-П автобус;А_Э-П
584;2;587;147к автобус;А_147к
585;4;588;88 троллейбус;Тб_88
586;2;589;850 автобус;А_850
587;2;590;8ф автобус Зеленоград;АЗ_8ф
588;4;591;31к троллейбус;Тб_31к
589;2;592;15ф автобус Зеленоград;АЗ_15ф
590;2;593;649 автобус;А_649
591;3;594;47к трамвай;Тр_47к
592;4;595;95 троллейбус;Тб_95
593;2;596;Э3 автобус;А_Э3
594;2;597;Л автобус;А_Л
595;2;598;С автобус;А_С
596;2;599;М автобус;А_М
597;2;600;600 автобус;А_600
598;2;601;601 автобус;А_601
599;2;602;602 автобус;А_602
600;2;603;603 автобус;А_603
601;2;604;604 автобус;А_604
602;2;605;605 автобус;А_605
603;2;606;606 автобус;А_606
604;2;607;607 автобус;А_607
605;2;608;608 автобус;А_608
606;2;609;609 автобус;А_609
607;2;610;610 автобус;А_610
608;2;611;611 автобус;А_611
609;2;612;612 автобус;А_612
610;2;613;613 автобус;А_613
611;2;614;614 автобус;А_614
612;2;615;615 автобус;А_615
613;2;616;616 автобус;А_616
614;2;617;617 автобус;А_617
615;2;618;618 автобус;А_618
616;2;619;619 автобус;А_619
617;2;620;620 автобус;А_620
618;2;621;621 автобус;А_621
619;2;622;622 автобус;А_622
620;2;623;623 автобус;А_623
621;2;624;624 автобус;А_624
622;2;625;625 автобус;А_625
623;2;626;626 автобус;А_626
624;2;627;627 автобус;А_627
625;2;628;628 автобус;А_628
626;2;629;629 автобус пригород МО;А_629
627;2;630;630 автобус;А_630
628;2;631;631 автобус;А_631
629;2;632;632 автобус;А_632
630;2;633;633 автобус;А_633
631;2;634;634 автобус;А_634
632;2;635;635 автобус;А_635
633;2;636;636 автобус;А_636
634;2;637;637 автобус;А_637
635;2;638;638 автобус;А_638
636;2;639;639 автобус;А_639
637;2;640;640 автобус;А_640
638;2;641;641 автобус;А_641
639;2;642;642 автобус;А_642
640;2;643;643 автобус;А_643
641;2;644;644 автобус;А_644
642;2;645;645 автобус;А_645
643;2;646;646 автобус;А_646
644;2;647;647 автобус;А_647
645;2;648;648 автобус;А_648
646;2;649;403 автобус Зеленоград;АЗ_403
647;2;650;650 автобус;А_650
648;2;651;651 автобус;А_651
649;2;652;652 автобус;А_652
650;2;653;653 автобус;А_653
651;2;654;654 автобус;А_654
652;2;655;655 автобус;А_655
653;2;656;656 автобус;А_656
654;2;657;657 автобус;А_657
655;2;658;658 автобус;А_658
656;2;659;659 автобус;А_659
657;2;660;660 автобус;А_660
658;2;661;661 автобус;А_661
659;2;662;662 автобус;А_662
660;2;663;663 автобус;А_663
661;2;664;664 автобус;А_664
662;2;665;665 автобус;А_665
663;2;666;620ф автобус;А_620ф
664;2;667;667 автобус;А_667
665;2;668;668 автобус;А_668
666;2;669;669 автобус;А_669
667;2;670;670 автобус;А_670
668;2;671;671 автобус;А_671
669;2;672;672 автобус;А_672
670;2;673;673 автобус;А_673
671;2;674;674 автобус;А_674
672;2;675;675 автобус;А_675
673;2;676;676 автобус;А_676
674;2;677;677 автобус;А_677
675;2;678;678 автобус;А_678
676;2;679;679 автобус;А_679
677;2;680;680 автобус;А_680
678;2;681;681 автобус;А_681
679;2;682;682 автобус;А_682
680;2;683;683 автобус;А_683
681;2;684;684 автобус;А_684
682;2;685;685 автобус;А_685!
683;2;686;686 автобус;А_686
684;2;687;687 автобус;А_687
685;2;688;688 автобус;А_688
686;2;689;689 автобус;А_689
687;2;690;690 автобус;А_690
688;2;691;691 автобус;А_691
689;2;692;692 автобус;А_692
690;2;693;693 автобус;А_693
691;2;694;694 автобус;А_694
692;2;695;695 автобус;А_695
693;2;696;696 автобус;А_696
694;2;697;697 автобус;А_697
695;2;698;698 автобус;А_698
696;2;699;699 автобус;А_699
697;2;700;700 автобус;А_700
698;2;701;701 автобус;А_701
699;2;702;702 автобус;А_702
700;2;703;703 автобус;А_703
701;2;704;704 автобус;А_704
702;2;705;705 автобус;А_705
703;2;706;706 автобус;А_706
704;2;707;707 автобус;А_707
705;2;708;708 автобус;А_708
706;2;709;709 автобус;А_709
707;2;710;710 автобус;А_710
708;2;711;711 автобус;А_711
709;2;712;712 автобус;А_712
710;2;713;713 автобус;А_713
711;2;714;714 автобус;А_714
712;2;715;715 автобус;А_715
713;2;716;716 автобус;А_716
714;2;717;408 автобус Зеленоград;АЗ_408
715;2;718;718 автобус;А_718
716;2;719;719 автобус;А_719
717;2;720;720 автобус;А_720
718;2;721;721 автобус;А_721
719;2;722;722 автобус;А_722
720;2;723;723 автобус;А_723
721;2;724;724 автобус;А_724
722;2;725;725 автобус;А_725
723;2;726;726 автобус;А_726
724;2;727;727 автобус;А_727
725;2;728;728 автобус;А_728
726;2;729;729 автобус;А_729
727;2;730;730 автобус;А_730
728;2;731;731 автобус;А_731
729;2;732;732 автобус;А_732
730;2;733;733 автобус;А_733
731;2;734;734 автобус;А_734
732;2;735;735 автобус;А_735
733;2;736;736 автобус;А_736
734;2;737;737 автобус;А_737
735;2;738;738 автобус;А_738
736;2;739;739 автобус;А_739
737;2;740;740 автобус;А_740
738;2;741;741 автобус;А_741
739;2;742;742 автобус;А_742
740;2;743;743 автобус;А_743
741;2;744;744 автобус;А_744
742;2;745;745 автобус;А_745
743;2;746;746 автобус;А_746
744;2;747;747 автобус;А_747
745;2;748;748 автобус;А_748
746;2;749;749 автобус;А_749
747;2;750;750 автобус;А_750
748;2;751;751 автобус;А_751
749;2;752;752 автобус;А_752
750;2;753;753 автобус;А_753
751;2;754;754 автобус;А_754
752;2;755;755 автобус;А_755
753;2;756;756 автобус;А_756
754;2;757;757 автобус;А_757
755;2;758;758 автобус;А_758
756;2;759;759 автобус;А_759
757;2;760;760 автобус;А_760
758;2;761;761 автобус;А_761
759;2;762;762 автобус;А_762
760;2;763;763 автобус;А_763
761;2;764;13к автобус;А_13к
762;2;765;765 автобус;А_765
763;2;766;766 автобус;А_766
764;2;767;767 автобус;А_767
765;2;768;768 автобус;А_768
766;2;769;769 автобус;А_769
767;2;770;770 автобус;А_770
768;2;771;771 автобус;А_771
769;2;772;772 автобус;А_772
770;2;773;773 автобус;А_773
771;2;774;774 автобус;А_774
772;2;775;775 автобус;А_775
773;2;776;776 автобус;А_776
774;2;777;777 автобус;А_777
775;2;778;778 автобус;А_778
776;2;779;779 автобус;А_779
777;2;780;780 автобус;А_780
778;2;781;781 автобус;А_781
779;2;783;783 автобус;А_783
780;2;784;784 автобус;А_784
781;2;785;785 автобус;А_785
782;2;786;786 автобус;А_786
783;2;787;787 автобус;А_787
784;2;788;788 автобус;А_788
785;2;789;789 автобус;А_789
786;2;790;790 автобус;А_790
787;2;791;791 автобус;А_791
788;2;792;792 автобус;А_792
789;2;793;793 автобус;А_793
790;2;794;794 автобус;А_794
791;2;795;795 автобус;А_795
792;2;796;796 автобус;А_796
793;2;797;797 автобус;А_797
794;2;798;798 автобус;А_798
795;2;799;799 автобус;А_799
796;2;800;800 автобус;А_800
797;2;801;801 автобус;А_801
798;2;802;802 автобус;А_802
799;2;803;803 автобус;А_803
800;2;804;804 автобус;А_804
801;2;805;805 автобус;А_805
802;2;806;806 автобус;А_806
803;2;807;807 автобус;А_807
804;2;808;808 автобус;А_808
805;2;809;809 автобус;А_809
806;2;810;810 автобус;А_810
807;2;811;811 автобус;А_811
808;2;812;812 автобус;А_812
809;2;813;813 автобус;А_813
810;2;814;814 автобус;А_814
811;2;815;815 автобус;А_815
812;2;816;816 автобус;А_816
813;2;817;817 автобус;А_817
814;2;818;818 автобус;А_818
815;2;819;819 автобус;А_819
816;2;820;820 автобус;А_820
817;2;821;732ф автобус;А_732ф
818;2;822;822 автобус;А_822
819;2;823;823 автобус;А_823
820;2;824;824 автобус;А_824
821;2;825;825 автобус;А_825
822;2;826;826 автобус;А_826
823;2;827;827 автобус;А_827
824;2;828;828 автобус;А_828
825;2;829;829 автобус;А_829
826;2;830;830 автобус;А_830
827;2;831;831 автобус;А_831
828;2;832;832 автобус;А_832
829;2;833;833 автобус;А_833
830;2;834;834 автобус;А_834
831;2;835;83ф автобус;А_83ф
832;2;836;836 автобус;А_836
833;2;837;837 автобус;А_837
834;2;838;838 автобус;А_838
835;2;839;839 автобус;А_839
836;2;840;48ф автобус;А_48ф
837;2;841;660ф автобус;А_660ф
838;2;842;842 автобус;А_842
839;2;843;843 автобус;А_843
840;2;844;844 автобус;А_844
841;2;845;845 автобус;А_845
842;2;846;846 автобус;А_846!
843;2;847;847 автобус;А_847
844;2;848;848 автобус;А_848
845;2;849;859 автобус;А_859
846;2;850;717 автобус;А_717
847;2;851;851 автобус;А_851
848;2;852;852 автобус;А_852
849;2;853;769ккккк автобус;А_769кккккк
850;2;854;854 автобус;А_854
851;2;855;855 автобус;А_855
852;2;856;24к автобус;А_24к
853;2;857;1003 автобус пригород МО;АП_1003
854;2;858;227ф автобус;А_227ф
855;2;859;804ф автобус;А_804ф
856;2;860;895ф автобус пригород МО;АП_895ф
857;2;861;247ф автобус;А_247ф
858;2;862;34ф автобус;А_34ф
859;2;863;858 автобус;А_858
860;2;864;135ф автобус;А_135ф
861;2;865;617ф автобус;А_617ф
862;2;866;84к автобус;А_84к
863;2;867;867 автобус;А_867
864;2;868;027 автобус;А_027
865;2;869;964 автобус;А_964
866;2;870;835 автобус;А_835
867;3;871;31 трамвай;Тр_31
868;2;872;58ф автобус;А_58ф
869;2;873;782 автобус;А_782
870;2;874;691ф автобус;А_691ф
871;2;875;832ф автобус;А_832ф
872;2;876;163ф автобус;А_163ф
873;2;877;714ф автобус;А_714ф
874;2;878;84ф автобус;А_84ф
875;2;879;774ф автобус;А_774ф
876;2;880;80ф автобус;А_80ф
877;2;881;881 автобус пригород МО;АП_881
878;2;882;882 автобус пригород МО;АП_882
879;2;883;883 автобус;А_883
880;2;884;400т автобус Зеленоград;А_400т
881;2;885;61ф автобус;А_61ф
882;2;886;181ф автобус;А_181ф
883;2;887;628ф автобус;А_628ф
884;2;888;644ф автобус;А_644ф
885;2;889;836ф автобус;А_836ф
886;2;890;143ф автобус;А_143ф
887;2;891;891 автобус пригород МО;АП_891
888;2;892;849 автобус;А_849
889;2;893;н2 автобус;А_н2
890;2;894;420 автобус пригород МО;АП_420
891;2;895;895 автобус пригород МО;АП_895
892;2;896;896 автобус;А_896
893;2;897;290ф автобус;А_290ф
894;2;898;677ф автобус;А_677ф
895;2;899;Н3 автобус;А_Н3
896;2;900;764 автобус;А_764
897;2;901;901 автобус;А_901
898;2;902;902 автобус;А_902
899;2;903;17тф автобус;А_17тф
900;2;904;34тф автобус;А_34тф
901;2;905;905 автобус;А_905
902;2;906;791ф автобус;А_791ф
903;2;907;907 автобус;А_907
904;2;908;908 автобус;А_908
905;2;909;652ф автобус;А_652ф
906;2;910;103ф автобус;А_103ф
907;2;911;258ф автобус;А_258ф
908;2;912;826ф автобус;А_826ф
909;2;913;712ф автобус;А_712ф
910;2;914;218ф автобус;А_218ф
911;2;915;125к автобус;А_125к
912;2;916;30 автобус пригород МО;АП_30
913;2;917;917 автобус;А_917
914;2;918;681ф автобус;А_681ф
915;2;919;ТПУ м."Планерная" - 2;1502-ТПУ
916;2;920;26ф автобус;А_26ф
917;2;921;39ф автобус;А_39ф
918;2;922;641к автобус;А_641к
919;2;923;73ф автобус;А_73ф
920;2;924;167ф автобус;А_167ф
921;2;925;050 автобус;А_050
922;2;927;271ф автобус;А_271ф
923;2;928;251ф автобус;А_251ф
924;2;929;168ф автобус;А_168ф
925;2;930;930 автобус;А_930
926;2;931;295ф автобус;А_295ф
927;2;932;Бк автобус;А_Бк
928;2;933;Б автобус;А_Б
929;2;934;721ф автобус;А_721ф
930;2;935;769ф автобус;А_769ф
931;2;936;ТПУ "Белая дача";201-ТПУ
932;2;937;903 автобус;А_903
933;4;938;66 троллейбус;Тб_66
934;2;939;3Н автобус;А_3Н
935;2;940;940 автобус;А_940
936;2;941;192ф автобус;А_192ф
937;2;942;878 автобус пригород МО;АП_878
938;2;943;879 автобус пригород МО;АП_879
939;2;944;841 автобус;А_841
940;4;945;45к троллейбус;Тб_45к
941;2;946;017 автобус;А_017
942;2;947;847ф автобус;А_847ф
943;4;948;34к троллейбус;Тб_34к
944;2;949;904 автобус;А_904
945;2;950;950 автобус пригород МО;АП_950
946;2;951;047 автобус;А_047
947;2;952;88к автобус;А_88к
948;2;953;860 автобус;А_860
949;2;954;954 автобус;А_954
950;2;955;955 автобус;А_955
951;2;956;956 автобус;А_956
952;2;957;811к автобус;А_811к
953;2;958;958 автобус;А_958
954;2;959;959 автобус;А_959!
955;2;960;885 автобус;А_885
956;2;961;961 автобус;А_961
957;2;962;962 автобус;А_962
958;2;963;304 автобус пригород МО;АП_304
959;2;964;840 автобус;А_840
960;2;965;433 автобус пригород МО;АП_433
961;2;966;853 автобус;А_853
962;2;967;811ф автобус;А_811ф
963;2;968;63Н автобус;А_63Н
964;2;969;762ф автобус;А_762ф
965;2;970;625ф автобус;А_625ф
966;2;971;29ф автобус;А_29ф
967;2;972;85тф автобус;А_85тф
968;2;973;040 автобус;А_040
969;2;974;874 автобус пригород МО;АП_874
970;2;975;875 автобус пригород МО;АП_875
971;2;976;880 автобус;А_880
972;2;977;220ф автобус;А_220ф
973;2;978;217ф автобус;А_217ф
974;2;979;117ф автобус;А_117ф
975;2;980;398 автобус пригород МО;АП_398
976;2;981;60 автобус пригород МО;АП_60
977;2;982;982 автобус пригород МО;АП_982
978;2;983;837ф автобус;А_837ф
979;2;984;274ф автобус;А_274ф
980;2;985;711ф автобус;А_711ф
981;2;986;17 автобус пригород МО;АП_17
982;2;987;59ф автобус;А_59ф
983;2;988;96ф автобус;А_96ф
984;2;989;27 автобус Зеленоград;А_З-27
985;2;990;699ф автобус;А_699ф
986;2;991;44ф автобус;А_44ф
987;2;992;205ф автобус;А_205ф
988;2;993;733ф автобус;А_733ф
989;2;994;794ф автобус;А_794ф
990;2;995;862 автобус;А_862
991;2;996;169к автобус;А_169к
992;2;997;ТПУ м."Планерная" - 1;1501-ТПУ
993;2;998;998 автобус;А_998
994;2;999;Тестовый;Тест
995;2;1001;01 автобус;А_01
996;4;1002;Т троллейбус;Тб_Т
997;2;1003;О3 автобус;А_О3
998;2;1004;04 автобус;А_04
999;2;1005;05 автобус;А_05
1000;2;1006;т6 автобус;А_т6
1001;2;1007;07 автобус;А_07
1002;2;1008;т8 автобус;А_т8
1003;2;1010;ДП10 автобус;А_ДП10
1004;4;1011;11к троллейбус;Тб_11к
1005;2;1012;П12 автобус;А_П12
1006;2;1014;014 автобус;А_014
1007;2;1015;015 автобус;А_015
1008;2;1016;016 автобус;А_016
1009;2;1017;т17 автобус;А_т17
1010;2;1019;т19 автобус;А_т19
1011;2;1020;Т20 автобус;А_Т20
1012;2;1021;Т21 автобус;А_Т21
1013;2;1022;т22 автобус;А_т22
1014;2;1023;023 автобус;А_023
1015;2;1024;024 автобус;А_024
1016;2;1025;025 автобус;А_025
1017;2;1026;026 автобус;А_026
1018;2;1027;т27 автобус;А_т27
1019;2;1028;т28 автобус;А_т28
1020;2;1029;29к автобус;А_29к
1021;2;1030;т30 автобус;А_т30
1022;2;1031;31ф автобус Зеленоград;АЗ_31ф
1023;2;1032;32к автобус Зеленоград;А_З-32к
1024;2;1033;33к автобус;А_33к
1025;2;1034;34к автобус;А_34к
1026;2;1035;О35 автобус;А_О35
1027;5;1036;т36 электробус;Э_т36
1028;2;1037;037 автобус;А_037
1029;2;1038;038 автобус;А_038
1030;2;1039;039 автобус;А_039
1031;2;1040;Т40 автобус;А_Т40
1032;5;1042;42 электробус;Э_42
1033;2;1043;043 автобус;А_043
1034;2;1046;П46 автобус;А_П46
1035;5;1047;47 электробус;Э_47
1036;2;1049;О49 автобус;А_О49
1037;2;1050;О11 автобус;А_О11
1038;2;1051;т51 автобус;А_т51
1039;2;1052;О1 автобус;А_О1
1040;2;1053;О17 автобус;А_О17
1041;5;1056;т56 электробус;Э_т56
1042;2;1057;т57 автобус;А_т57
1043;2;1058;П58 автобус;А_П58
1044;2;1059;т59 автобус;А_т59
1045;2;1060;Т60к автобус;А_Т60к
1046;2;1061;61к автобус;А_61к
1047;2;1062;062 автобус;А_062
1048;4;1063;63к троллейбус;Тб_63к
1049;2;1064;т64 автобус;А_т64
1050;2;1065;65а автобус;А_65а
1051;2;1070;70А автобус;А_70А
1052;5;1073;т73 электробус;Э_т73
1053;2;1074;Т74 автобус;А_Т74
1054;2;1075;75к автобус;А_75к
1055;5;1076;76 электробус;Э_76
1056;2;1077;т77 автобус;А_т77
1057;5;1080;т80 электробус;Э_т80
1058;2;1081;т81 автобус;А_т81
1059;2;1082;Т82 автобус;А_Т82
1060;5;1083;83 электробус;Э_83
1061;2;1085;т85 автобус;А_т85
1062;2;1086;86к автобус;А_86к
1063;2;1088;Т88 автобус;А_Т88
1064;2;1089;м89 автобус;А_м89
1065;2;1093;93к автобус;А_93к
1066;2;1100;Ф автобус;А_Ф
1067;2;1101;с1 автобус;А_с1
1068;2;1102;с2 автобус;А_с2
1069;2;1103;т3 автобус;А_т3
1070;2;1104;с4 автобус;А_с4
1071;2;1105;с5 автобус;А_с5
1072;2;1106;с6 автобус;А_с6
1073;2;1107;м7к автобус;А_м7к
1074;2;1108;С8 автобус;А_С8
1075;2;1109;Т9 автобус;А_Т9
1076;2;1110;т10 автобус;А_т10
1077;2;1111;С11 автобус;А_С11
1078;2;1112;112э автобус;А_112э
1079;2;1113;Т13 автобус;А_Т13
1080;2;1115;т15 автобус;А_т15
1081;2;1117;117к автобус;А_117к
1082;2;1118;Т18 автобус;А_Т18
1083;2;1119;с19 автобус;А_с19
1084;5;1121;т21 электробус;Э_т21
1085;2;1122;П122 автобус;А_П122
1086;2;1123;023к автобус;А_023к
1087;2;1124;т24 автобус;А_т24
1088;2;1125;т25 автобус;А_т25
1089;2;1126;т26 автобус;А_т26
1090;2;1129;Т29к автобус;А_Т29к
1091;2;1130;П130 автобус;А_П130
1092;5;1131;31 электробус;Э_31
1093;2;1132;т32 автобус;А_т32
1094;2;1133;133Н автобус;А_133Н
1095;2;1134;т34 автобус;А_т34
1096;2;1135;Т35 автобус;А_Т35
1097;2;1138;т38 автобус;А_т38
1098;2;1139;т39 автобус;А_т39
1099;2;1140;т40 автобус;А_т40
1100;2;1141;Т41 автобус;А_Т41
1101;2;1143;С43 автобус;А_С43
1102;2;1144;144Ц автобус;А_144Ц
1103;2;1145;145к автобус;А_145к
1104;2;1147;147Н автобус;А_147Н
1105;2;1149;т49 автобус;А_т49
1106;2;1152;т52 автобус;А_т52
1107;2;1153;Т53 автобус;А_Т53
1108;2;1154;т54 автобус;А_т54
1109;2;1155;т55 автобус;А_т55
1110;2;1156;Т56 автобус;А_Т56
1111;2;1157;157к автобус;А_157к
1112;2;1158;Т55к автобус;А_Т55к
1113;2;1160;т60 автобус;А_т60
1114;2;1161;Т61 автобус;А_Т61
1115;2;1163;163к автобус;А_163к
1116;2;1165;65к автобус;А_65к
1117;2;1166;Т66 автобус;А_Т66
1118;2;1167;т67 автобус;А_т67
1119;2;1170;т70к автобус;А_т70к
1120;2;1171;т71 автобус;А_т71
1121;2;1172;т72 автобус;А_т72
1122;2;1175;т75 автобус;А_т75
1123;5;1176;т76 электробус;Э_т76
1124;2;1177;Тр7 автобус;А_Тр7
1125;2;1178;т78 автобус;А_т78
1126;2;1179;т79 автобус;А_т79
1127;5;1180;Т80 электробус;Э_Т80
1128;2;1186;т86 автобус;А_т86
1129;5;1188;т88 электробус;Э_т88
1130;5;1193;93 электробус;Э_93
1131;3;1201;Б трамвай;Тр_Б
1132;3;1202;20п трамвай;Тр_20п
1133;2;1204;Т4 автобус;А_Т4
1134;2;1205;205 кф автобус;А_205кф
1135;2;1207;т7 автобус;А_т7
1136;2;1211;т11 автобус;А_т11
1137;2;1212;С12 автобус;А_С12
1138;2;1215;О15 автобус;А_О15
1139;2;1223;ДП23 автобус;А_ДП23
1140;2;1226;О26 автобус;А_О26
1141;2;1227;227к автобус;А_227к
1142;3;1228;28к трамвай;Тр_28к
1143;2;1229;П129 автобус;А_П129
1144;5;1231;231 электробус;Э_231
1145;2;1233;1133 автобус;А_1133
1146;3;1234;34к трамвай;Тр_34к
1147;2;1236;О36 автобус;А_О36
1148;3;1237;37к трамвай;Тр_37к
1149;5;1238;38 электробус;Э_38
1150;2;1239;О39 автобус;А_О39
1151;2;1243;О43 автобус;А_О43
1152;2;1247;т47 автобус;А_т47
1153;2;1250;О50 автобус;А_О50
1154;2;1251;251к автобус;А_251к
1155;2;1252;ДП52 автобус;А_ДП52
1156;2;1253;с53 автобус;А_с53
1157;2;1255;255к автобус;А_255к
1158;2;1258;т58 автобус;А_т58
1159;5;1261;т61 электробус;Э_т61
1160;2;1263;т63 автобус;А_т63
1161;2;1265;т65 автобус;А_т65
1162;2;1268;268к автобус;А_268к
1163;2;1269;269к автобус;А_269к
1164;2;1270;т70 автобус;А_т70
1165;2;1272;272к автобус;А_272к
1166;2;1277;277к автобус;А_277к
1167;2;1283;283к автобус;А_283к
1168;2;1301;Т1к автобус;А_Т1к
1169;2;1303;303 автобус пригород МО;АП_303
1170;2;1304;Н4 автобус;А_Н4
1171;2;1305;н5 автобус;А_н5
1172;2;1306;Н6 автобус;А_Н6
1173;2;1307;н7 автобус;А_н7
1174;2;1308;н8 автобус;А_н8
1175;2;1309;н9 автобус;А_Н9
1176;2;1311;н11 автобус;А_н11
1177;2;1313;313 автобус;А_313
1178;2;1314;314 автобус;А_314
1179;2;1315;415 автобус;А_415
1180;2;1323;323 автобус;А_323
1181;2;1325;25 автобус Зеленоград;А_З-25
1182;2;1327;м27 автобус;А_м27
1183;2;1329;329 автобус;А_329
1184;5;1334;т34 электробус;Э_т34
1185;2;1340;340 автобус;А_340
1186;2;1343;т43к автобус;А_т43к
1187;2;1349;349 автобус;А_349
1188;2;1350;350 автобус;А_350
1189;2;1351;351 автобус;А_351
1190;2;1382;382 автобус;А_382
1191;2;1384;384 автобус;А_384
1192;2;1385;385 автобус;А_385
1193;2;1393;393 автобус;А_393!
1194;2;1399;399 автобус;А_399
1195;2;1400;400э автобус Зеленоград;АЗ_400э
1196;2;1401;Т1 автобус;А_Т1
1197;2;1402;Т2 автобус;А_Т2
1198;2;1403;Т3к автобус;А_Т3к
1199;2;1404;О4 автобус;А_О4
1200;2;1407;м7 автобус;А_м7
1201;2;1409;409 автобус;А_409
1202;2;1411;Т11К автобус;А_Т11К
1203;2;1413;413 автобус;А_413
1204;2;1415;Э15 автобус;А_Э15
1205;2;1417;М17 автобус;А_М17
1206;2;1419;419 автобус;А_419
1207;2;1420;Э20 автобус;А_Э20
1208;2;1423;О23 автобус;А_О23
1209;2;1429;т29 автобус;А_т29
1210;2;1431;Т31 автобус;А_Т31
1211;2;1443;т43 автобус;А_т43
1212;2;1444;444 автобус;А_444
1213;2;1448;448 автобус;А_448
1214;2;1451;451 автобус;А_451
1215;2;1456;456 автобус;А_456
1216;2;1459;459 автобус;А_459
1217;2;1460;460 автобус;А_460
1218;2;1470;470 автобус;А_470
1219;2;1472;472 автобус;А_472
1220;2;1497;497 автобус;А_497
1221;2;1501;П1 автобус;А_п1
1222;2;1503;503 автобус пригород МО;АП_503
1223;2;1507;507 автобус;А_507
1224;2;1511;П11 автобус;А_П11
1225;2;1550;550 автобус;А_550
1226;2;1554;554 автобус;А_554
1227;2;1560;560 автобус;А_560
1228;2;1563;563 автобус;А_563
1229;2;1569;569 автобус;А_569
1230;4;1599;М троллейбус;Тб_М
1231;2;1601;А автобус;А_А
1232;5;1622;622 электробус;Э_622
1233;2;1642;642к автобус;А_642к
1234;2;1649;649к автобус;А_649к
1235;2;1674;674к автобус;А_674к
1236;2;1677;677к автобус;А_677к
1237;2;1724;724к автобус;А_724к
1238;2;1725;725к автобус;А_725к
1239;5;1733;733 электробус;Э_733
1240;3;1749;49 трамвай;Тр_49
1241;2;1758;758к автобус;А_758к
1242;2;1760;760к автобус;А_760к
1243;2;1769;769к автобус;А_769к
1244;5;1778;778 электробус;Э_778
1245;2;1782;782В автобус;А_782В
1246;2;1785;785к автобус;А_785к
1247;5;1789;789 электробус;Э_789
1248;5;1791;791 электробус;Э_791
1249;5;1810;810 электробус;Э_810
1250;5;1834;834 электробус;Э_834
1251;2;1856;856 автобус;А_856
1252;2;1857;857 автобус;А_857
1253;2;1866;866 автобус пригород МО;АП_866
1254;2;1868;868 автобус пригород МО;АП_868
1255;2;1870;870 автобус пригород МО;АП_870
1256;2;1871;871 автобус пригород МО;АП_871
1257;2;1872;872 автобус;А_872
1258;2;1873;873 автобус пригород МО;АП_873
1259;2;1874;874к автобус пригород МО;АП_874к
1260;2;1877;877 автобус;А_877
1261;2;1882;882Н автобус пригород МО;АП_882Н
1262;2;1884;884 автобус;А_884
1263;2;1886;886 автобус;А_886
1264;2;1887;887 автобус;А_887
1265;2;1890;890к автобус пригород МО;АП_890к
1266;2;1891;891К автобус;А_891К
1267;2;1892;892 автобус пригород МО;АП_892
1268;2;1893;893 автобус;А_893
1269;2;1895;895к автобус пригород МО;АП_895к
1270;2;1898;898 автобус;А_898
1271;2;1899;899 автобус;А_899
1272;2;1901;901к автобус;А_901к
1273;2;1904;904к автобус;А_904к
1274;2;1906;906 автобус;А_906
1275;2;1909;909 автобус;А_909
1276;2;1911;911 автобус;А_911
1277;2;1928;928 автобус;А_928
1278;2;1931;931к автобус;А_931к
1279;2;1957;957 автобус;А_957
1280;2;1964;964к автобус;А_964к
1281;2;1976;976 автобус пригород МО;АП_976
1282;2;1991;991 автобус;А_991
1283;2;2001;МЦ1 автобус;А_МЦ1
1284;2;2002;МЦ2 автобус;А_МЦ2
1285;2;2007;т7к автобус;А_т7к
1286;2;2013;О13 автобус;А_О13
1287;5;2014;т14 электробус;Э_т14
1288;5;2017;Т17 электробус;Э_Т17
1289;2;2023;с23 автобус;А_с23
1290;2;2024;О24 автобус;А_О24
1291;2;2025;025к автобус;А_025к
1292;2;2028;О28 автобус;А_О28
1293;2;2029;О29 автобус;А_О29
1294;2;2032;О32 автобус;А_О32
1295;2;2034;т34к автобус;А_т34к
1296;2;2037;О37 автобус;А_О37
1297;2;2050;Т50 автобус;А_Т50
1298;5;2107;107 электробус;Э_107
1299;2;2164;164ф автобус;А_164ф
1300;2;2205;205к автобус;А_205к
1301;5;2393;393 электробус;Э_393
1302;5;2649;649 электробус;Э_649
1303;2;2868;868к автобус пригород МО;АП_868к
1304;2;3001;Ш1 автобус;А_Ш1
1305;2;3002;Ш2 автобус;А_Ш2
1306;2;3003;Ш3 автобус;А_Ш3
1307;2;3004;1004к автобус пригород МО;АП_1004к
1308;2;3009;С9 автобус;А_С9
1309;5;3025;25 электробус;Э_25
1310;2;3034;О34 автобус;А_О34
1311;3;3050;50К трамвай;Тр_50К
1312;2;3103;М-3 автобус;А_М-3
1313;2;3147;1147 автобус;А_1147
1314;2;3304;304к автобус пригород МО;АП_304к
1315;2;3462;462 автобус пригород МО;АП_462
1316;2;3898;898к автобус;А_898к
1317;2;4002;О2 автобус;А_О2
1318;5;4003;н3 электробус;Э_н3
1319;5;4004;М4 электробус;Э_М4
1320;5;4007;Т7 электробус;Э_Т7
1321;5;4019;Т19 электробус;Э_т19
1322;5;4025;Т25 электробус;Э_Т25
1323;2;4030;О30 автобус;А_О30
1324;5;4034;Т34К электробус;Э_Т34К
1325;5;4205;205К электробус;Э_205к
1326;5;4271;271 электробус;Э_271
1327;2;4700;700С автобус;А_700С
1328;5;4832;832 электробус;Э_832
1329;4;5022;22к троллейбус;Тб_22к
1330;4;5029;29к троллейбус;Тб_29к
1331;2;6000;5000 технический;КА_5000
1332;2;6013;13 коммерческий автобус;КА_13
1333;2;6014;с14 коммерческий автобус;КА_с14
1334;2;6015;с15 коммерческий автобус;А_с15
1335;2;6016;с16 коммерческий автобус;КА_с16
1336;2;6017;с17 коммерческий автобус;КА_с17
1337;2;6018;с18 коммерческий автобус;КА_с18
1338;2;6019;19 коммерческий автобус;КА_19
1339;2;6021;21к коммерческий автобус;КА_21к
1340;2;6022;22к коммерческий автобус;КА_22к
1341;2;6024;24м коммерческий автобус;КА_24м
1342;2;6026;26 коммерческий автобус;КА_26
1343;2;6040;40к коммерческий автобус;КА_40к
1344;2;6044;44 коммерческий автобус;КА_44
1345;2;6051;51к коммерческий автобус;КА_51к
1346;2;6056;56 коммерческий автобус;КА_56
1347;2;6063;63 коммерческий автобус;КА_63
1348;2;6073;73 коммерческий автобус;КА_73
1349;2;6076;76к коммерческий автобус;КА_76к
1350;2;6080;80 коммерческий автобус;КА_80
1351;2;6083;83 коммерческий автобус;КА_83
1352;2;6086;86к коммерческий автобус;КА_86к
1353;2;6088;88 коммерческий автобус;КА_88
1354;2;6091;91 коммерческий автобус;КА_91
1355;2;6099;99 коммерческий автобус;КА_99
1356;2;6100;100 коммерческий автобус;КА_100
1357;2;6112;112 коммерческий автобус;КА_112
1358;2;6113;с13 коммерческий автобус;КА_с13
1359;2;6115;115 коммерческий автобус;КА_115
1360;2;6119;119 коммерческий автобус;КА_119
1361;2;6125;125 коммерческий автобус;КА_125
1362;2;6138;138 коммерческий автобус;КА_138
1363;2;6139;139 коммерческий автобус;КА_139
1364;2;6140;140 коммерческий автобус;КА_140
1365;2;6141;141 коммерческий автобус;КА_141
1366;2;6143;143К коммерческий автобус;КА_143К
1367;2;6145;145 коммерческий автобус;КА_145
1368;2;6172;172 коммерческий автобус;КА_172
1369;2;6178;178 коммерческий автобус;КА_178
1370;2;6188;188 коммерческий автобус;КА_188
1371;2;6190;190 коммерческий автобус;КА_190
1372;2;6191;191 коммерческий автобус;КА_191
1373;2;6195;195 коммерческий автобус;КА_195
1374;2;6199;199К коммерческий автобус;КА_199К
1375;2;6201;201 коммерческий автобус;КА_201
1376;2;6206;206к коммерческий автобус;КА_206к
1377;2;6213;213м коммерческий автобус;КА_213м
1378;2;6215;215 коммерческий автобус;КА_215
1379;2;6225;225 коммерческий автобус;КА_225
1380;2;6236;236 коммерческий автобус;КА_236
1381;2;6244;244 коммерческий автобус;КА_244
1382;2;6250;250 коммерческий автобус;КА_250
1383;2;6259;259 коммерческий автобус;КА_259
1384;2;6265;265 коммерческий автобус;КА_265
1385;2;6270;270 коммерческий автобус;КА_270
1386;2;6277;277 коммерческий автобус;КА_277
1387;2;6282;282 коммерческий автобус;КА_282
1388;2;6290;290 коммерческий автобус;КА_290
1389;2;6294;294 коммерческий автобус;КА_294
1390;2;6300;300 коммерческий автобус;КА_300
1391;2;6301;301 коммерческий автобус;КА_301
1392;2;6302;302 коммерческий автобус;КА_302
1393;2;6305;305 коммерческий автобус;КА_305
1394;2;6306;306 коммерческий автобус;КА_306
1395;2;6307;307 коммерческий автобус;КА_307
1396;2;6308;308 коммерческий автобус;КА_308
1397;2;6309;309 коммерческий автобус;КА_309
1398;2;6310;310 коммерческий автобус;А_310
1399;2;6311;311 коммерческий автобус;КА_311
1400;2;6312;312 коммерческий автобус;А_312
1401;2;6314;314 коммерческий автобус;КА_314
1402;2;6315;315 коммерческий автобус;КА_315
1403;2;6316;316 коммерческий автобус;КА_316
1404;2;6317;317 коммерческий автобус;КА_317
1405;2;6318;318 коммерческий автобус;КА_318
1406;2;6319;319 коммерческий автобус;КА_319
1407;2;6320;320 коммерческий автобус;КА_320
1408;2;6322;322 коммерческий автобус;КА_322
1409;2;6324;324 коммерческий автобус;КА_324
1410;2;6325;325 коммерческий автобус;КА_325
1411;2;6326;326 коммерческий автобус;КА_326
1412;2;6327;327 коммерческий автобус;КА_327
1413;2;6328;328 коммерческий автобус;КА_328
1414;2;6329;329 коммерческий автобус;КА_329
1415;2;6330;330 коммерческий автобус;КА_330
1416;2;6332;332 коммерческий автобус;КА_332
1417;2;6333;333 коммерческий автобус;КА_333
1418;2;6334;334 коммерческий автобус;КА_334
1419;2;6336;336 коммерческий автобус;КА_336
1420;2;6338;338 коммерческий автобус;КА_338
1421;2;6340;340 коммерческий автобус;КА_340
1422;2;6343;343 коммерческий автобус;КА_343
1423;2;6346;346 коммерческий автобус;КА_346
1424;2;6350;350 коммерческий автобус;КА_350
1425;2;6352;352 коммерческий автобус;КА_352
1426;2;6353;353 коммерческий автобус;КА_353
1427;2;6361;361 коммерческий автобус;КА_361
1428;2;6365;365 коммерческий автобус;КА_365
1429;2;6368;368 коммерческий автобус;КА_368
1430;2;6372;372 коммерческий автобус;КА_372
1431;2;6374;374 коммерческий автобус;КА_374
1432;2;6375;375 коммерческий автобус;КА_375
1433;2;6376;376 коммерческий автобус;КА_376
1434;2;6378;378 коммерческий автобус;КА_378
1435;2;6379;379 коммерческий автобус;КА_379
1436;2;6380;380 коммерческий автобус;КА_380
1437;2;6386;386 коммерческий автобус;КА_386
1438;2;6387;387 коммерческий автобус;КА_387
1439;2;6388;388 коммерческий автобус;КА_388
1440;2;6389;389 коммерческий автобус;КА_389
1441;2;6390;390 коммерческий автобус;КА_390
1442;2;6391;391 коммерческий автобус;КА_391
1443;2;6394;394 коммерческий автобус;КА_394
1444;2;6404;404 коммерческий автобус;КА_404
1445;2;6405;405 коммерческий автобус;КА_405
1446;2;6409;409 коммерческий автобус;КА_409
1447;2;6410;410 коммерческий автобус;КА_410
1448;2;6412;412 коммерческий автобус;КА_412
1449;2;6413;413 коммерческий автобус;КА_413
1450;2;6415;415 коммерческий автобус;КА_415
1451;2;6417;417 коммерческий автобус;КА_417
1452;2;6418;418 коммерческий автобус;КА_418
1453;2;6422;422 коммерческий автобус;КА_422
1454;2;6423;423 коммерческий автобус;КА_423
1455;2;6425;425 коммерческий автобус;КА_425
1456;2;6426;426 коммерческий автобус;КА_426
1457;2;6428;428 коммерческий автобус;А_428
1458;2;6429;429 коммерческий автобус;КА_429
1459;2;6432;432 коммерческий автобус;КА_432
1460;2;6434;434 коммерческий автобус;КА_434
1461;2;6436;436 коммерческий автобус;КА_436
1462;2;6438;438 коммерческий автобус;А_438
1463;2;6440;440 коммерческий автобус;КА_440
1464;2;6443;443 коммерческий автобус;А_443
1465;2;6446;446 коммерческий автобус;КА_446
1466;2;6447;447 коммерческий автобус;КА_447
1467;2;6448;448 коммерческий автобус;КА_448
1468;2;6449;449 коммерческий автобус;КА_449
1469;2;6450;450 коммерческий автобус;КА_450
1470;2;6451;451 коммерческий автобус;КА_451
1471;2;6456;456 коммерческий автобус;КА_456
1472;2;6457;457 коммерческий автобус;КА_457
1473;2;6459;459 коммерческий автобус;КА_459
1474;2;6461;461 коммерческий автобус;КА_461
1475;2;6464;464 коммерческий автобус;КА_464
1476;2;6466;466 коммерческий автобус;КА_466
1477;2;6469;469 коммерческий автобус;КА_469
1478;2;6470;470 коммерческий автобус;КА_470
1479;2;6471;471 коммерческий автобус;КА_471
1480;2;6474;474 коммерческий автобус;КА_474
1481;2;6475;456К коммерческий автобус;КА_456К
1482;2;6476;551К коммерческий автобус;КА_551к
1483;2;6483;483 коммерческий автобус;КА_483
1484;2;6485;485 коммерческий автобус;КА_485
1485;2;6487;487 коммерческий автобус;КА_487
1486;2;6491;491 коммерческий автобус;А_491
1487;2;6494;494 коммерческий автобус;КА_494
1488;2;6496;496 коммерческий автобус;КА_496
1489;2;6497;497 коммерческий автобус;КА_497
1490;2;6500;500 коммерческий автобус;КА_500
1491;2;6501;501 коммерческий автобус;КА_501
1492;2;6502;502 коммерческий автобус;КА_502
1493;2;6504;504 коммерческий автобус;КА_504
1494;2;6505;505 коммерческий автобус;КА_505
1495;2;6506;506 коммерческий автобус;КА_506
1496;2;6509;509 коммерческий автобус;КА_509
1497;2;6510;509к коммерческий автобус;КА_509к
1498;2;6511;511 коммерческий автобус;КА_511
1499;2;6517;517 коммерческий автобус;КА_517
1500;2;6519;519 коммерческий автобус;А_519
1501;2;6521;521 коммерческий автобус;КА_521
1502;2;6522;522 коммерческий автобус;КА_522
1503;2;6523;523 коммерческий автобус;КА_523
1504;2;6524;524 коммерческий автобус;КА_524
1505;2;6525;525 коммерческий автобус;А_525
1506;2;6528;528 коммерческий автобус;КА_528
1507;2;6529;529 коммерческий автобус;КА_529
1508;2;6530;530 коммерческий автобус;КА_530
1509;2;6540;540 коммерческий автобус;КА_540
1510;2;6541;541 коммерческий автобус;КА_541
1511;2;6544;544 коммерческий автобус;КА_544
1512;2;6550;550 коммерческий автобус;КА_550
1513;2;6551;551 коммерческий автобус;КА_551
1514;2;6552;552 коммерческий автобус;КА_552
1515;2;6553;553 коммерческий автобус;КА_553
1516;2;6554;554 коммерческий автобус;КА_554
1517;2;6555;555 коммерческий автобус;КА_555
1518;2;6559;559 коммерческий автобус;КА_559
1519;2;6561;561 коммерческий автобус;КА_561
1520;2;6567;567 коммерческий автобус;КА_567
1521;2;6571;571 коммерческий автобус;КА_571
1522;2;6572;572 коммерческий автобус;КА_572
1523;2;6574;574 коммерческий автобус;КА_574
1524;2;6575;575 коммерческий автобус;КА_575
1525;2;6579;579 коммерческий автобус;КА_579
1526;2;6580;580 коммерческий автобус;КА_580
1527;2;6591;591 коммерческий автобус;КА_591
1528;2;6592;592 коммерческий автобус;КА_592
1529;2;6594;594 коммерческий автобус;КА_594
1530;2;6595;595 коммерческий автобус;КА_595
1531;2;6597;597 коммерческий автобус;КА_597
1532;2;6601;601 коммерческий автобус;КА_601
1533;2;6602;602 коммерческий автобус;КА_602
1534;2;6606;606 коммерческий автобус;КА_606
1535;2;6613;613к коммерческий автобус;КА_613к
1536;2;6617;617 коммерческий автобус;КА_617
1537;2;6618;618 коммерческий автобус;КА_618
1538;2;6619;619 коммерческий автобус;КА_619
1539;2;6641;641к коммерческий автобус;КА_641к
1540;2;6644;644 коммерческий автобус;КА_644
1541;2;6650;650 коммерческий автобус;КА_650
1542;2;6658;658 коммерческий автобус;КА_658
1543;2;6660;660 коммерческий автобус;КА_660
1544;2;6667;667 коммерческий автобус;КА_667
1545;2;6673;673 коммерческий автобус;КА_673
1546;2;6676;676 коммерческий автобус;КА_676
1547;2;6688;688к коммерческий автобус;КА_688к
1548;2;6691;691к коммерческий автобус;КА_691к
1549;2;6702;702 коммерческий автобус;КА_702
1550;2;6704;704 коммерческий автобус;КА_704
1551;2;6714;714 коммерческий автобус;КА_714
1552;2;6718;718м коммерческий автобус;КА_718м
1553;2;6720;720 коммерческий автобус;КА_720
1554;2;6727;727 коммерческий автобус;КА_727
1555;2;6732;732м коммерческий автобус;КА_732м
1556;2;6739;739 коммерческий автобус;КА_739
1557;2;6745;745 коммерческий автобус;КА_745
1558;2;6755;755 коммерческий автобус;КА_755
1559;2;6771;771 коммерческий автобус;КА_771
1560;2;6787;787 коммерческий автобус;КА_787
1561;2;6815;815 коммерческий автобус;КА_815
1562;2;6824;824 коммерческий автобус;КА_824
1563;2;6827;827 коммерческий автобус;КА_827
1564;2;6845;845 коммерческий автобус;КА_845
1565;2;6853;853 коммерческий автобус;КА_853
1566;2;6877;877 коммерческий автобус;КА_877
1567;2;6888;888 коммерческий автобус;КА_888
1568;2;6904;704к коммерческий автобус;КА_704к
1569;2;6907;с7 коммерческий автобус;КА_с7
1570;2;6914;714к коммерческий автобус;КА_714к
1571;2;6941;641 коммерческий автобус;КА_641
1572;2;6945;145к коммерческий автобус;КА_145к
1573;2;6953;953 коммерческий автобус;КА_953
1574;2;6957;957 коммерческий автобус;КА_957
1575;2;6965;965 коммерческий автобус;КА_965
1576;2;6967;967 коммерческий автобус;КА_967
1577;2;6969;469к коммерческий автобус;КА_469к
1578;2;6974;974 коммерческий автобус;КА_974
1579;2;6975;975 коммерческий автобус;КА_975
1580;2;6977;977 коммерческий автобус;КА_977
1581;2;6981;981 коммерческий автобус;КА_981
1582;2;6987;987 коммерческий автобус;КА_987
1583;2;6991;691 коммерческий автобус;КА_691
1584;2;6994;994 коммерческий автобус;КА_994
1585;2;7001;м1 автобус;А_м1
1586;2;7002;м2 автобус;А_м2
1587;2;7003;м3 автобус;А_м3
1588;4;7004;м4 троллейбус;Тб_м4
1589;2;7005;м5 автобус;А_м5
1590;2;7006;м6 автобус;А_м6
1591;4;7007;м7 троллейбус;Тб_м7
1592;4;7008;м8 троллейбус;Тб_м8
1593;2;7009;м9 автобус;А_м9
1594;2;7010;м10 автобус;А_м10
1595;2;7050;м50 автобус;А_м50
1596;2;7108;м8 автобус;А_м8
1597;2;7200;Тула01 автобус;А_Тула01
1598;3;7304;4 трамвай;Тр_4
1599;3;7327;27к трамвай;Тр_27к
1600;4;7404;м4к троллейбус;Тб_м4к
1601;4;7707;м7к троллейбус;Тб_м7к
1602;4;7770;70к троллейбус;Тб_70к
1603;2;8888;Музей Московского Транспорта;Музей
1604;2;9831;983 автобус;А_983
1605;3;9999;Пилотный маршрут;Тест_4_знака
1625;2;73;73 автобус;А_73
1626;2;91;91 автобус;А_91
1627;2;404;1с автобус;А_1с
1628;5;1009;К электробус;Э_К
1629;2;1013;н13 автобус;А_н13
1630;2;1048;48к автобус;А_48к
1631;2;1072;м72 автобус;А_м72
1632;5;1091;91к электробус;Э_91к
1633;2;1098;ДП98 автобус;А_ДП98
1634;2;1114;т14к автобус;А_т14к
1635;2;1116;О16 автобус;А_О16
1636;2;1127;О27 автобус;А_О27
1637;5;1142;т42 электробус;Э_т42
1638;5;1183;т83 электробус;Э_Т83
1639;2;1191;ДП91 автобус;А_ДП91
1640;2;1206;О6 автобус;А_О6
1641;2;1209;П209 автобус;А_П209
1642;2;1210;О10 автобус;А_О10
1643;5;1216;м16 электробус;Э_м16
1644;5;1217;м17 электробус;Э_м17
1645;5;1218;т18 электробус;Э_т18
1646;2;1235;м35 автобус;А_м35
1647;2;1259;т59к автобус;А_т59к
1648;5;1266;266 электробус;Э_266
1649;2;1312;Н12 автобус;А_Н12
1650;2;1322;322 автобус;А_322
1651;2;1337;337 автобус;А_337
1652;2;1339;Т39К автобус;А_Т39К
1653;2;1344;с344 автобус;А_с344
1654;2;1345;345 автобус;А_345
1655;2;1347;О47 автобус;А_О47
1656;2;1366;166к автобус;А_166к
1657;2;1369;с369 автобус;А_с369
1658;2;1379;379 автобус;А_379
1659;2;1412;О12 автобус;А_О12
1660;2;1434;434 автобус;А_434
1661;2;1499;499 автобус;А_499
1662;2;1509;О9 автобус;А_О9
1663;2;1515;П115 автобус;А_П115
1664;2;1524;524 автобус;А_524
1665;2;1532;с532 автобус;А_с532
1666;2;1534;Э34 автобус;А_Э34
1667;2;1539;539 автобус;А_539
1668;2;1557;557 автобус;А_557
1669;5;1607;М7 электробус;Э_М7
1670;2;1615;н15 автобус;А_н15
1671;2;1800;800к автобус;А_800к
1672;2;1864;864 автобус;А_864
1673;2;1888;888 автобус;А_888
1674;2;1897;897 автобус;А_897
1675;2;1903;903к автобус;А_903к
1676;2;1913;913 автобус;А_913
1677;2;1921;921 автобус;А_921
1678;2;1933;933 автобус;А_933
1679;2;1938;938 автобус;А_938
1680;2;1944;944 автобус;А_944
1681;2;1947;947 автобус;А_947
1682;2;1948;948 автобус;А_948
1683;2;1968;968 автобус;А_968
1684;2;1975;975 автобус;А_975
1685;2;1980;980 автобус;А_980
1686;2;1984;984 автобус;А_984
1687;2;1993;993 автобус;А_993
1688;2;1994;994 автобус;А_994
1689;5;2003;м3к электробус;Э_м3к
1690;2;2004;МЦ3 автобус;А_МЦ3
1691;2;2019;м19 автобус;А_м19
1692;2;2040;м40 автобус;А_м40
1693;5;2053;м53 электробус;Э_м53
1694;2;2077;м77 автобус;А_м77
1695;2;2078;м78 автобус;А_м78
1696;2;2079;м79 автобус;А_м79
1697;2;2082;м82 автобус;А_м82
1698;2;2083;м83 автобус;А_м83
1699;2;2084;м84 автобус;А_м84
1700;2;2086;м86 автобус;А_м86
1701;2;2087;м87 автобус;А_м87
1702;2;2088;м88 автобус;А_м88
1703;2;2090;м90 автобус;А_м90
1704;2;2095;м95 автобус;А_м95
1705;2;2096;м96 автобус;А_м96
1706;2;2097;м97 автобус;А_м97
1707;2;2126;126к автобус;А_126к
1708;2;2238;238к автобус;А_238к
1709;2;2417;417 автобус;А_417
1710;2;2871;871э автобус;А_871э
1711;2;2874;874 автобус;А_874
1712;2;2888;888К автобус;А_888К
1713;2;3017;17э автобус;А_17э
1714;2;3083;т83 автобус;А_т83
1715;2;3163;с163 автобус;А_с163
1716;5;3174;с174 электробус;Э_с174
1717;5;3205;205 электробус;Э_205
1718;2;3216;с216 автобус;А_с216
1719;2;3249;с249 автобус;А_с249
1720;2;3263;с263 автобус;А_с263
1721;2;3339;с339 автобус;А_с339
1722;2;3364;с364 автобус;А_с364
1723;2;3453;с453 автобус;А_с453
1724;2;3484;С484 автобус;А_С484
1725;5;3510;с510 электробус;Э_с510
1726;2;3511;С511 автобус;А_С511
1727;5;3538;с538 электробус;Э_с538
1728;2;3543;с543 автобус;А_с543
1729;2;3585;с585 автобус;А_с585
1730;2;3604;с604 автобус;А_с604
1731;2;3633;с633 автобус;А_с633
1732;2;3663;с663 автобус;А_с663
1733;2;3710;с710 автобус;А_с710
1734;2;3755;с755 автобус;А_с755
1735;2;3768;с768 автобус;А_с768
1736;2;3790;с790 автобус;А_с790
1737;2;3795;с795 автобус;А_с795
1738;2;3806;с806 автобус;А_с806
1739;2;3809;с809 автобус;А_с809
1740;2;3810;с810 автобус;А_с810
1741;2;3811;С811 автобус;А_С811
1742;2;3819;с819 автобус;А_с819
1743;2;3820;с820 автобус;А_с820
1744;2;3823;с823 автобус;А_с823
1745;2;3827;с827 автобус;А_с827
1746;2;3835;с835 автобус;А_с835
1747;2;3838;с838 автобус;А_с838
1748;2;3839;с839 автобус;А_с839
1749;2;3848;с848 автобус;А_с848
1750;2;3850;с850 автобус;А_с850
1751;2;3856;с856 автобус;А_с856
1752;2;3867;с867 автобус;А_с867
1753;2;3869;с869 автобус;А_с869
1754;2;3891;с891 автобус;А_с891
1755;2;3908;с908 автобус;А_с908
1756;2;3910;с910 автобус;А_с910
1757;2;3914;с914 автобус;А_с914
1758;2;3916;с916 автобус;А_с916
1759;2;3918;с918 автобус;А_с918
1760;2;3919;с919 автобус;А_с919
1761;2;3924;с924 автобус;А_с924
1762;2;3932;с932 автобус;А_с932
1763;2;3935;с935 автобус;А_с935
1764;2;3941;с941 автобус;А_с941
1765;2;3949;с949 автобус;А_с949
1766;2;3960;с960 автобус;А_с960
1767;2;3962;с962 автобус;А_с962
1768;2;3970;с970 автобус;А_с970
1769;2;3986;с986 автобус;А_с986
1770;2;3988;с988 автобус;А_с988
1771;2;3997;с997 автобус;А_с997
1772;5;4000;Sk1 электробус;Э_Sk1
1773;5;4012;м2 электробус;Э_м2
1774;5;4013;Т13 электробус;Э_Т13
1775;5;4017;17 электробус;Э_17
1776;5;4018;18 электробус;Э_18
1777;5;4026;926 электробус;Э_926
1778;5;4029;с929 электробус;Э_с929
1779;5;4031;м31 электробус;Э_м31
1780;5;4032;м32 электробус;Э_м32
1781;5;4033;33 электробус;Э_33
1782;5;4041;т41 электробус;Э_т41
1783;5;4051;с951 электробус;Э_с951
1784;5;4052;т52 электробус;Э_т52
1785;5;4053;т53 электробус;Э_т53
1786;5;4059;е59 электробус;Э_е59
1787;5;4075;т75 электробус;Э_т75
1788;5;4092;92 электробус;Э_92
1789;5;4101;101 электробус;Э_101
1790;5;4104;н4 электробус;Э_н4
1791;5;4135;135 электробус;Э_135
1792;5;4154;154 электробус;Э_154
1793;5;4167;167 электробус;Э_167
1794;5;4170;170 электробус;Э_170
1795;5;4171;171 электробус;Э_171
1796;5;4239;239 электробус;Э_239
1797;5;4258;258 электробус;Э_258
1798;5;4276;276 электробус;Э_276
1799;5;4297;297 электробус;Э_297
1800;5;4351;351 электробус;Э_351
1801;5;4353;353 электробус;Э_353
1802;5;4447;447 электробус;Э_447
1803;5;4511;с511 электробус;Э_с511
1804;5;4529;529 электробус;Э_529
1805;5;4536;536 электробус;Э_536
1806;5;4563;563 электробус;Э_563
1807;5;4637;637 электробус;Э_637
1808;5;4705;705 электробус;Э_705
1809;5;4706;706 электробус;Э_706
1810;5;4723;723 электробус;Э_723
1811;5;4763;763 электробус;Э_763
1812;5;4803;803 электробус ;Э_803
1813;5;4811;с811 электробус;Э_с811
1814;5;4836;836 электробус;Э_836
1815;5;4842;842 электробус;Э_842
1816;5;4871;871 электробус;Э_871
1817;5;4874;874К электробус;Э_874К
1818;5;4875;873 электробус;Э_873
1819;5;4876;875 электробус;Э_875
1820;5;4883;883 электробус;Э_883
1821;5;4909;909 электробус;Э_909
1822;5;4920;с920 электробус;Э_с920
1823;5;4929;929 электробус;Э_929
1824;2;5000;КЭ автобус;А_КЭ
1825;2;5010;е10 автобус;А_е10
1826;2;5012;е12 автобус;А_е12
1827;2;5030;е30 автобус;А_е30
1828;2;5041;е41 автобус;А_е41
1829;2;5070;е70 автобус;А_е70
1830;2;5080;е80 автобус;А_е80
1831;2;5085;е85 автобус;А_е85
1832;2;5091;е91 автобус;А_е91
1833;2;5129;е29 автобус;А_е29
1834;5;5153;53 электробус;Э_53
1835;2;6132;132 коммерческий автобус;КА_132
1836;2;6151;151к коммерческий автобус;КА_151к
1837;2;6155;155к коммерческий автобус;КА_155к
1838;2;6214;214 коммерческий автобус;КА_214
1839;2;6219;219 коммерческий автобус;КА_219
1840;2;6291;291 коммерческий автобус;КА_291
1841;2;6299;е99 коммерческий автобус;КА_е99
1842;2;6321;с321 коммерческий автобус;КА_с321
1843;2;6341;341 коммерческий автобус;КА_341
1844;2;6356;с356 коммерческий автобус;КА_с356
1845;2;6360;360 коммерческий автобус;КА_360
1846;2;6366;366 коммерческий автобус;КА_366
1847;2;6371;371 коммерческий автобус;КА_371
1848;2;6414;414 коммерческий автобус;КА_414
1849;2;6488;488 коммерческий автобус;А_488
1850;2;6599;599 коммерческий автобус;КА_599
1851;2;6708;708 коммерческий автобус;КА_708
1852;2;6713;713 коммерческий автобус;КА_713
1853;2;6740;740 коммерческий автобус;КА_740
1854;2;6761;761 коммерческий автобус;КА_761
1855;2;6770;770 коммерческий автобус;КА_770
1856;2;6780;780 коммерческий автобус;КА_780
1857;2;6797;с797 коммерческий автобус;А_с797
1858;2;6799;с799 коммерческий автобус;КА_с799
1859;2;6854;с854 коммерческий автобус;КА_с854
1860;2;6870;870 коммерческий автобус;КА_870
1861;2;6894;с894 коммерческий автобус;КА_с894
1862;2;6913;с613 коммерческий автобус;КА_с613
1863;2;6922;922 коммерческий автобус;КА_922
1864;2;6944;944 коммерческий автобус;КА_944
1865;2;6978;с977 коммерческий автобус;А_с977
1866;2;6989;с9 коммерческий автобус;КА_с9
1867;2;6990;990 коммерческий автобус;А_990
1868;2;6995;945 коммерческий автобус;КА_945
1869;2;6996;206 коммерческий автобус;КА_206
1870;2;7201;МО1 автобус;А_МО1
1871;2;7202;КнА01 автобус;А_КнА01
1872;2;7203;СОЛ01 автобус;А_СОЛ01
1873;2;7204;Пе01 автобус;А_Пе01
1874;2;7205;Со1 автобус;А_Со1
1875;2;7206;Яр01 автобус;А_Яр01
1876;2;7207;СВР01;А_СВР01
1877;2;7208;МТА01 автобус;А_МТА01
1878;2;7209;Ме01 автобус;А_Ме01
1879;2;7210;НП01 автобус;А_НП01
1880;2;7211;Ор01 автобус;А_Ор01
1881;2;7212;Егр01 автобус;А_Егр01
1882;2;7213;Ка01 автобус;А_Ка01
1883;2;7214;Тс01 автобус;А_Тс01
1884;2;7215;Ро01 автобус;А_Ро01
1885;2;7216;Гу01 автобус;А_Гу01
1886;2;7217;КС01 автобус;А_КС01
1887;2;7218;ГТ01 автобус;А_ГТ01
1888;2;7219;ХТ01 автобус;А_ХТ01
1889;2;7220;ТЭ01 автобус;А_ТЭ01
1890;2;7221;КА01 автобус;А_КА01
1891;2;7222;НУ01 автобус;А_НУ01
1892;2;7223;ЛТ01 автобус;А_ЛТ01
1893;2;7224;ТБ01 автобус;А_ТБ01
1894;2;7225;ТВ01 Автобус;А_ТВ01
1895;2;7226;КБР01 Автобус;А_КБР01
1896;2;7227;ИРК01 автобус;А_ИРК01
1897;2;7228;ОРЛ01 Автобус;А_ОРЛ01
1898;2;7229;ФСВ01 Автобус;А_ФСВ01
1899;2;7230;ТИ01 Автобус;А_ТИ01
1900;2;7231;АЛ01 Автобус;А_АЛ01
1901;2;7232;ЛТА01 Автобус;А_ЛТА01
1902;2;7233;МОЭТ01 Автобус;А_МОЭТ
1903;2;7234;Ок01 автобус;А_Ок01
1904;2;7235;Гл01 автобус;А_Гл01
1905;2;7236;ВИТ01 автобус;А_ВИТ01
1906;2;7237;Пу01 автобус;А_Пу01
1907;2;7238;Тб01 автобус;А_Тб01
1908;2;7239;То01 автобус;А_То01
1909;2;7240;Фа01 автобус;А_Фа01
1910;2;7241;Ос01 автобус;А_Ос01
1911;2;7242;СТ01 автобус;А_СТ01
1912;2;7243;ТК01 автобус;А_ТК01
1913;2;7244;АЛМ01 автобус;А_АЛМ01
1914;2;7245;ПТ01 автобус;А_ПТ01
1915;2;7246;Им01 автобус;А_Им01
1916;2;7247;Вл01 автобус;А_Вл01
1917;2;7248;ДМ01 автобус;А_ДМ01
1918;2;7249;В01 автобус;А_В01
1919;2;7250;Ве01 автобус;А_Ве01
1920;2;7251;Ру01 автобус;А_Ру01
1921;2;7252;ЛО01 автобус;А_ЛО01
1922;2;7253;РАД01 Автобус;А_РАД01
1923;2;7254;БЭ01 автобус;А_БЭ01
1924;2;7255;Ал01 автобус;А_Ал01
1925;2;7256;Ло01 автобус;А_Ло01
1926;2;7257;ГЕА01 автобус;А_ГЕА01
1927;2;7258;Х01 автобус;А_Х01
1928;2;7259;ДВВ01 автобус;А_ДВВ01
1929;2;7260;СП01 автобус;А_СП01
1930;2;7261;ПТА01 автобус;А_ПТА01
1931;2;7262;Стан01 автобус;А_Стан01
1932;2;7263;П01 автобус;А_П01
1933;2;7264;СНА01 автобус;А_СНА01
1934;2;7265;ЕАВ01 автобус;А_ЕАВ01
1935;2;7266;Бу01 автобус;А_Бу01
1936;2;7267;АЛи01 автобус;А_АЛи01
1937;2;7268;ЛАН01 автобус;А_ЛАН01
1938;2;7269;ДЕН01 автобус;А_ДЕН01
1939;2;7270;ЕДВ01 автобус;А_ЕДВ01
1940;2;7271;ЛИС01 автобус;А_ЛИС01
1941;2;7272;ЛОБ01 автобус;А_ЛОБ01
1942;2;7273;НАФ01 автобус;А_НАФ01
1943;2;7274;МЕС01 автобус;А_МЕС01
1944;2;7275;МАН01 автобус;А_МАН01
1945;2;7276;РА01 автобус;А_РА01
1946;2;7277;РАв01 автобус;А_РАв01
1947;2;7278;СВА01 автобус;А_СВА01
1948;2;7279;ТАП01 автобус;А_ТАП01
1949;2;7280;КБ01 автобус;А_КБ01
1950;2;7281;ТрИ01 автобус;А_ТрИ01
1951;2;7282;Тр01 автобус;А_Тр01
1952;2;7283;ГА01 автобус;А_ГА01
1953;2;7284;Тра01 автобус;А_Тра01
1954;2;7285;ОВС01 автобус;А_ОВС01
1955;2;7286;Ю01 автобус;А_Ю01
1956;2;7287;ИЕА01 автобус;А_ИЕА01
1957;2;7288;ЧАЕ01 автобус;А_ЧАЕ01
1958;2;7289;АМ01 автобус;А_АМ01
1959;2;7290;ЭП01 автобус;А_ЭП01
1960;2;7291;АвМ01 автобус;А_АвМ01
1961;2;7292;АТ01 автобус;А_АТ01
1962;2;7293;КП01 автобус;А_КП01
1963;2;7294;Кон01 автобус;А_Кон01
1964;2;7295;ИГИ01 автобус;А_ИГИ01
1965;2;7296;ЯДА01 автобус;А_ЯДА01
1966;2;7297;ФП01 автобус;А_ФП01
1967;2;7298;По01 автобус;А_По01
1968;2;7299;Ко01 автобус;А_Ко01
1969;2;7300;КЗ01 автобус;А_КЗ01
1970;2;7301;РИА01 автобус;А_РИА01
1971;2;7302;ЦМЮ01 автобус;А_ЦМЮ01
1972;2;7303;ТИВ01 автобус;А_ТИВ01
1973;2;7305;ДАВ01 автобус;А_ДАВ01
1974;2;7306;ТМ01 автобус;А_ТМ01
1975;2;7307;ИТ01 автобус;А_ИТ01
1976;2;7308;НПК01 автобус;А_НПК01
1977;2;7309;ДЛ01 автобус;А_ДЛ01
1978;2;7310;ЖЛВ01 автобус;А_ЖЛВ01
1979;2;7311;Маг01 автобус;А_Маг01
1980;2;7312;НПА01 автобус;А_НПА01
1981;2;7313;РЭ01 автобус;А_РЭ01
1982;2;7314;АК01 автобус;А_АК01
1983;2;7315;АНМ01 автобус;А_АНМ01
1984;2;7316;ИАЕ01 автобус;А_ИАЕ01
1985;2;7317;Г01 автобус;А_Г01
1986;2;7318;АГА01 автобус;А_АГА01
1987;2;7319;АТМ01 автобус;А_АТМ01
1988;2;7320;Ст01 автобус;А_Ст01
1989;2;7321;ЭТ01 автобус;А_ЭТ01
1990;2;7322;ФЭ01 автобус;А_ФЭ01
1991;2;7323;РДГ01 автобус;А_РДГ01
1992;2;7324;ГрА01 автобус;А_ГрА01
1993;2;7325;Кл01 автобус;А_Кл01
1994;2;7326;АМо01 автобус;А_АМо01
1995;2;7328;АХ01 автобус;А_АХ01
1996;2;7329;РТ01 автобус;А_РТ01
1997;2;7330;ВНА01 автобус;А_ВНА01
1998;2;7331;СкТ01 автобус;А_СкТ01
1999;2;7332;АТр01 автобус;А_АТр01
2000;2;7333;Кла01 автобус;А_Кла01
2001;2;7334;КлН01 автобус;А_КлН01
2002;2;7335;Сп01 автобус;А_Сп01
2003;2;7336;КАВ01 автобус;А_КАВ01
2004;2;7337;СВВ01 автобус;А_СВВ01
2005;2;7338;ДТА01 автобус;А_ДТА01
2006;2;7339;ТЛП01 автобус;А_ТЛП01
2007;2;7340;СК01 автобус;А_СК01
2008;2;7341;НСК01 автобус;А_НСК01
2009;2;7342;Наз01 автобус;А_Наз01
2010;2;7343;АГ01 автобус;А_АГ01
2011;2;7344;ВЛ01 автобус;А_ВЛ01
2012;2;7345;АК01 автобус;А_АКЗ01
2013;2;7346;ТА01 автобус;А_ТА01
2014;2;7347;АТС01 автобус;А_АТС01
2015;2;7348;ВА01 автобус;А_ВА01
2016;2;7349;АТЛ01 автобус;А_АТЛ01
2017;2;7350;АЭ01 автобус;А_АЭ01
2018;2;7351;Ми01 автобус;А_Ми01
2019;2;7352;АМТ01 автобус;А_АМТ01
2020;2;7353;Стф01 автобус;А_Стф01
2021;2;7354;РдТ01 автобус;А_РдТ01
2022;2;7355;Сф01 автобус;А_Сф01
2023;2;7356;АР01 автобус;А_АР01
2024;2;7357;СДТ01 автобус;А_СДТ01
2025;2;7358;АКо01 автобус;А_АКо01
2026;2;7359;Кст01 автобус;А_Кст01
2027;2;7360;Тск01 автобус;А_Тск01
2028;2;7361;РСТ01 автобус;А_РСТ01
2029;2;7362;ТСТ01 автобус;А_ТСТ01
2030;2;7363;СТАР01 автобус;А_СТАР01
2031;2;7364;УАМ01 автобус;А_УАМ01
2032;2;7365;ГМО01 автобус;А_ГМО01
2033;2;7366;ЛюТ01 автобус;А_ЛюТ01
2034;2;7367;Т21В01 автобус;А_Т21В01
2035;2;7368;АвЛ01 автобус;А_АвЛ01
2036;2;7369;АЛТр01 автобус;А_АЛТр01
2037;2;7370;Ав01 автобус;А_Ав01
2038;2;7371;АЛТ01 автобус;А_АЛТ01
2039;2;7372;АМа01 автобус;А_АМа01
2040;2;7373;АвТ01 автобус;А_АвТ01
2041;2;7374;ВЯ01 автобус;А_ВЯ01
2042;2;7375;КрА01 автобус;А_КрА01
2043;2;7376;КрЛ01 автобус;А_КрЛ01
2044;2;7377;ТМг01 автобус;А_ТМг01
2045;2;7378;ТрАТ01 автоус;А_ТрАТ01
2046;2;7379;АН01 автобус;А_АН01
2047;2;7380;НУр01 автобус;А_НУр01
2048;2;7381;А_ГАл01 автобус;А_ГАл01
2049;2;7382;А_Ке01 автобус;А_Ке01
2050;2;7383;А_НСК02 Новосибирск (СбТ);А_НСК02
2051;2;7384;КБСТ01 автобус;А_КБСТ01
2052;2;7385;ТБс01 автобус;А_ТБс01
2053;2;7386;АНо01 автобус;А_АНо01
2054;2;7388;З01 автобус;А_З01
2055;2;7389;КТК01 автобус;А_КТК01
2056;2;7390;КАв01 автобус;А_КАв01
2057;2;7391;КАП01 автобус;А_КАП01
2058;2;7392;БСК01 автобус;А_БСК01
2059;2;7393;АЛСТ01 автобус;А_АЛСТ01
2060;2;7394;РТСТ01 автобус;А_РТСТ01
2061;2;7395;КЗСТ01 автобус;А_КЗСТ01
2062;2;7396;А_ХКСТ01 автобус;А_ХКСТ01
2063;2;7397;А_АрСТ01 автобус;А_АрСТ01
2064;2;7398;А_СарСТ01 автобус;А_СарСТ01
2065;2;7399;А_ОрСТ01 автобус;А_ОрСТ01
2066;2;7400;ТМТ01 автобус;А_ТМТ01
2067;2;7401;ПКСбТ01 автобус;А_ПКСбТ01
2068;2;7402;ПСбТ01 автобус;А_ПСбТ01
2069;2;7403;ВСбТ01 автобус;А_ВСбТ01
2070;2;7405;КрСТ01 автобус;А_КрСТ01
2071;2;7406;172Р01 автобус;А_172Р01
2072;2;7407;БурСбТ01 автобус;А_БурСбТ01
2073;2;7408;ЯСбТ01 автобус;А_ЯСбТ01
2074;2;7409;УСбТ01 автобус;А_УСбТ01
2075;2;7410;КирСбТ01 автобус;А_КирСбТ01
2076;2;7411;НчкСбТ01 автобус;А_НчкСбТ01
2077;2;7412;ВжСбТ01 автобус;А_ВжСбТ01
2078;2;7413;РзСбТ01 автобус;А_РзСбТ01
2079;2;7414;ТСбТ01 автобус;А_ТСбТ01
2080;2;7415;УлСбТ01 автобус;А_УлСбТ01
2081;2;7416;ОЛВ01 автобус;А_ОЛВ01
2082;2;7417;ГСП01 автобус;А_ГСП01
2083;2;7418;ТыСбТ01 автобус;А_ТыСбТ01
2084;2;7419;УдСбТ01 автобус;А_УдСбТ01
2085;2;7420;ОрСбТ01 автобус;А_ОрСбТ01
2086;2;7421;КСбТ01 автобус;А_КСбТ01
2087;2;7422;Хак01 автобус;А_Хак01
2088;2;7423;СтП01 автобус;А_СтП01
2089;2;7424;ЛИКС01 автобус;А_ЛИКС01
2090;2;7425;КГСбТ01 автобус;А_КГСбТ01
2091;2;7426;ДонСбТ01 автобус;А_ДонСбТ01
2092;2;7427;МЭСбТ01 автобус;А_МЭСбТ01
2093;2;7428;ТИнж01 автобус;А_ТИнж01
2094;2;7429;ПС01 автобус;А_ПС01
2095;2;7430;ПК01 автобус;А_ПК01
2096;2;7440;МЖГ01 автобус;А_МЖГ01
2097;2;7441;ЧСбТ01 автобус;А_ЧСбТ01
2098;2;7442;ИрСбТ01 автобус;А_ИрСбТ01
2099;2;7443;КовСбТ01 автобус;А_КовСбТ01
2100;2;7444;ЙоСбТ01 автобус;А_ЙоСбТ01
2101;2;7699;СЗП01;А_СЗП01
2102;2;7711;1011 автобус СЗП;А_СЗП1011
2103;2;7722;422 автобус СЗП;А_СЗП422
2104;2;7750;50 автобус СЗП;А_СЗП50
2105;2;8884;Моторы Войны Экс Л6;МВ_ЭЛ6
2106;2;8885;Моторы Войны Экс П6Л12;МВ_ЭП6Л12
2107;2;8886;Моторы Войны Экс П12Л25;МВ_ЭП12Л25
2108;2;8887;Моторый Войны Экс П25;МВ_ЭП25
2109;2;8889;Музей Льготный;Музей_Л
2110;2;8890;Музей Семейный;Музей_С
2111;2;9990;Тест_ММ_01;Тест_ММ_01
2112;2;9991;Тест_Сбер;Тест_Сбер
2113;2;9992;Тест_ММ_02;Тест_ММ_02
2114;2;9993;Тест_ПП_01;Тест_ПП_01
2115;2;9994;Тест_ПП_02;Тест_ПП_02
2116;2;9995;Тест_ЦИК;Тест_ЦИК
2117;2;9996;Тест_ПП_03;Тест_ПП_03
2118;2;9998;ТТМ автобус;А_ТТМ
2120;2;7445;СРП01 автобус;А_СРП01
2121;2;7446;ФОГ01 автобус;А_ФОГ01
2122;2;7447;ПРК01 автобус;А_ПРК01
2123;2;7448;Крг01 автобус;А_Крг01
2124;2;7449;Пск01 автобус;А_Пск01
2125;2;8200;МРк01 автобус;А_МРк01
2126;2;8201;ХМА01 автобус;А_ХМА01
2127;2;8202;ТАК 01 автобус;А_ТАК01
2128;5;2102;Ш2 электробус;Э_Ш2
2129;5;3104;104 электробус;Э_104
2130;5;4006;н6 электробус;Э_н6
2131;5;4009;н9 электробус;Э_н9
2132;5;4014;14 электробус;Э_14
2133;5;4074;т74 электробус;Э_т74
2134;5;4102;2 электробус;Э_2
2135;5;4103;с3 электробус;Э_с3
2136;5;4109;м9 электробус;Э_м9
2137;5;4111;с11 электробус;Э_с11
2138;5;4112;н12 электробус;Э_н12
2139;5;4136;136 электробус;Э_136
2140;5;4142;142 электробус;Э_142
2141;5;4203;С3К электробус;Э_С3К
2142;5;4210;210 электробус;Э_210
2143;5;4240;240 электробус;Э_240
2144;5;4244;244 электробус;Э_244
2145;5;4252;252 электробус;Э_252
2146;5;4301;301 электробус;Э_301
2147;5;4303;м3 электробус;Э_м3
2148;5;4328;328 электробус;Э_328
2149;5;4337;ЗЗ7 электробус;Э_337
2150;5;4356;356 электробус;Э_356
2151;5;4560;560 электробус;Э_560
2152;5;4570;570 электробус;Э_570
2153;5;4613;с613 электробус;Э_с613
2154;5;4625;625 электробус;Э_625
2155;5;4644;644 электробус;Э_644
2156;5;4646;646 электробус;Э_646
2157;5;4685;685 электробус;Э_685
2158;5;4762;762 электробус;Э_762
2159;5;4773;773 электробус;Э_773
2160;5;4792;792 электробус;Э_792
2161;5;4806;с806 электробус;Э_с806
2162;5;4807;807 электробус;Э_807
2163;5;4846;846 электробус;Э_846
2164;5;4885;885 электробус;Э_885
2165;5;4906;906 электробус;Э_906
2166;5;4925;925 электробус;Э_925
2167;5;4930;930 электробус;Э_930
2168;5;4959;959 электробус;Э_959
2169;5;4974;974 электробус;Э_974
2170;2;6027;т27 коммерческий автобус;КА_т27
2171;2;6035;35 коммерческий автобус;А_35
2172;2;6038;т38 коммерческий автобус;КА_т38
2173;2;6118;с18 автобус (контракт);ГКА_с18
2174;2;6146;446 автобус (контракт);ГКА_446
2175;2;6147;147 автобус (контракт);ГКА_147
2176;2;6169;967 автобус (контракт);ГКА_967
2177;2;6173;173 коммерческий автобус;КА_173
2178;2;6186;485 автобус (контракт);ГКА_485
2179;2;6280;870 автобус (контракт);ГКА_870
2180;2;6685;685 коммерческий автобус;КА_685
2181;2;6717;717 коммерческий автобус;КА_717
2182;2;6738;738 коммерческий автобус;КА_738
2183;2;6746;746 коммерческий автобус;КА_746
2184;2;6765;765 коммерческий автобус;КА_765
2185;2;6785;785к коммерческий автобус;КА_785к
2186;2;6860;860 коммерческий автобус;КА_860
2187;2;6924;824п коммерческий автобус;А_824п
2188;2;6943;945 автобус (контракт);ГКА_945
2189;2;1300;300 автобус;А_300
2200;2;1436;436 автобус;А_436
2201;2;1449;449 автобус;А_449
2202;2;1523;523 автобус;А_523
2203;2;1577;577к автобус;А_577к
2204;2;1587;587 автобус;А_587
2205;2;1645;645п автобус;А_645п
2206;2;2140;М40К автобус;А_М40К
2207;2;2327;327 автобус;А_327
2208;2;2384;384к автобус;А_384к
2209;2;3013;с13 автобус;А_с13
2210;2;3162;с162 автобус;А_с162
2211;2;3179;с179 автобус;А_с179
2212;2;3377;с377 автобус;А_с377
2213;2;3613;с613 автобус;А_с613
2214;2;3694;с694 автобус;А_с694
2215;2;3711;с711 автобус;А_с711
2216;2;3744;с744 автобус;А_с744
2217;2;3996;с996 автобус;А_с996
2220;2;1520;520к автобус;А_520к
2221;2;1915;915 автобус;А_915
2222;2;2523;523к автобус;А_523к
2223;2;3280;с280 автобус;А_с280
2224;5;4043;т43 электробус;Э_т43
2225;5;4065;т65 электробус;Э_т65
2226;5;4159;т59 электробус;Э_т59
2227;5;4260;260 электробус;Э_260
2228;5;4368;368 электробус;Э_368
2229;5;4538;538 электробус;Э_538
2230;5;4587;587 электробус;Э_587
2231;5;4604;604 электробус;Э_604
2232;5;4736;736 электробус;Э_736
2233;5;4808;808 электробус;Э_808
2234;2;6298;298 коммерческий автобус;КА_298
2235;2;6396;с396 коммерческий автобус;КА_с396
2240;5;4403;403 электробус;Э_403
2260;2;6445;445 автобус (контракт);ГКА_445
2261;2;1427;427 автобус;А_427
2262;5;4849;849 электробус;Э_849
2263;5;4796;796 электробус;Э_796
2264;5;4228;228 электробус;Э_228
2281;2;6891;391 автобус (контракт);ГКА_391
2301;2;1317;317 автобус;А_317
2302;2;1361;361 автобус;А_361
2303;2;1394;394 автобус;А_394
2304;2;3258;с258 автобус;А_с258
2305;2;3289;с289 автобус;А_с289
2306;2;3923;с923 автобус;А_с923
2307;2;3954;с954 автобус;А_с954
2308;2;5099;е99 автобус;А_е99
2309;2;5141;е141 автобус;А_е141
2310;2;5142;е142 автобус;А_е142
2311;2;5143;е143 автобус;А_е143
2312;2;5144;е144 автобус;А_е144
2313;2;5148;е148 автобус;А_е148
2314;2;6064;Т64 коммерческий автобус;КА_т64
2315;2;6130;330 автобус (контракт);ГКА_330
2316;2;6160;190 автобус (контракт);ГКА_190
2317;2;6198;198 автобус (контракт);ГКА_198
2318;2;6200;500 автобус (контракт);ГКА_500
2319;2;6202;702 автобус (контракт);ГКА_702
2320;2;6261;361 автобус (контракт);ГКА_361
2321;2;6345;845 автобус (контракт);ГКА_845
2322;2;6359;559 автобус (контракт);ГКА_559
2323;2;6370;780 автобус (контракт);ГКА_780
2324;2;6514;214 автобус (контракт);ГКА_214
2325;2;6622;922 автобус (контракт);ГКА_922
2326;2;6653;853 автобус (контракт);ГКА_853
2327;2;6654;544 автобус (контракт);ГКА_544
2328;2;6666;366 автобус (контракт);ГКА_366
2329;2;6694;594 автобус (контракт);ГКА_594
2330;2;6699;599 автобус (контракт);ГКА_599
2331;2;6701;801 автобус (контракт);ГКА_801
2332;2;6709;409 автобус (контракт);ГКА_409
2333;2;6725;125 автобус (контракт);ГКА_125
2334;2;6741;141 автобус (контракт);ГКА_141
2335;2;6751;751 коммерческий автобус;КА_751
2336;2;6769;769 коммерческий автобус;КА_769
2337;2;6790;290 автобус (контракт);ГКА_290
2338;2;6801;201 автобус (контракт);ГКА_201
2339;2;6807;708 автобус (контракт);ГКА_708
2340;2;6819;219 автобус (контракт);ГКА_219
2341;2;6830;530 автобус (контракт);ГКА_530
2342;2;6840;340 автобус (контракт);ГКА_340
2343;2;6850;650 автобус (контракт);ГКА_650
2344;2;6851;551 автобус (контракт);ГКА_551
2345;2;6857;957 автобус (контракт);ГКА_957
2346;2;6865;265 автобус (контракт);ГКА_265
2347;2;6871;471 автобус (контракт);ГКА_471
2348;2;6873;73 автобус (контракт);ГКА_73
2349;2;6909;с9 автобус (контракт);ГКА_с9
2350;2;6917;617 автобус (контракт);ГКА_617
2351;2;8203;АЭГ01 автобус;А_АЭГ01
2352;2;8204;ТУР01 автобус;А_ТУР01
2353;2;8205;ЗИА01 автобус;А_ЗИА01
2354;2;8206;УКА01 автобус;А_УКА01
2355;5;4114;114 электробус;Э_114
2356;5;4138;138 электробус;Э_138
2357;5;4174;74 электробус;Э_74
2358;5;4204;204 электробус;Э_204
2359;5;4234;234 электробус;Э_234
2360;5;4259;т59к электробус;Э_т59к
2361;5;4299;299 электробус;Э_299
2362;5;4317;317 электробус;Э_317
2363;5;4503;103 электробус;Э_103
2364;5;4539;539 электробус;Э_539
2365;5;4641;641 электробус;Э_641
2366;5;4760;760 электробус;Э_760
2367;5;4787;787 электробус;Э_787
2368;5;4790;с790 электробус;Э_с790
2369;5;4855;855 электробус;Э_855
2381;2;7034;м34 автобус;А_м34
2382;5;3418;418 электробус;Э_418
2401;2;1310;н10 автобус;А_н10
2402;2;1316;н16 автобус;А_н16
2403;2;1414;н14 автобус;А_н14
2404;2;1600;600к автобус;А_600к
2405;2;1925;925 автобус;А_925
2406;5;4001;1 электробус;Э_1
2407;5;4359;159 электробус;Э_159
2408;5;4715;715 электробус;Э_715
2409;5;4882;882 электробус;Э_882
2421;2;1971;971 автобус;А_971
2422;2;1978;978 автобус;А_978
2423;2;2147;1147 автобус;А_1147с
2424;2;2931;931 автобус;А_931
2425;2;3054;м54 автобус;А_м54
2426;2;3936;с936 автобус;А_с936
2427;2;3976;с976 автобус;А_с976
2428;2;3999;с999 автобус;А_с999
2429;5;4057;57 электробус;Э_57
2430;5;4113;113 электробус;Э_113
2431;5;4153;с53 электробус;Э_с53
2432;5;4419;419 электробус;Э_419
2433;5;4916;с916 электробус;Э_с916
2434;2;6645;145 автобус (контракт);ГКА_145
2435;2;6820;720 автобус (контракт);ГКА_720
2441;2;2060;м60к автобус;А_м60к
2442;2;3060;м60 автобус;А_м60
2443;5;3252;с252 электробус;Э_с252
2444;5;4060;м60 электробус;Э_м60
2445;5;4350;350 электробус;Э_350
2446;5;4405;405 электробус;Э_405
2447;5;4674;674 электробус;Э_674
2448;2;5066;е66 автобус;А_е66
2461;5;4008;н8 электробус;Э_н8
2462;5;4094;94 электробус;Э_94
2463;5;4201;с1 электробус;Э_с1
2464;5;4213;213 электробус;Э_213
2465;5;4293;293 электробус;Э_293
2466;5;4304;304 электробус;Э_304
2467;5;4804;804 электробус;Э_804
2468;5;4898;898 электробус;Э_898
2469;5;4949;с949 электробус;Э_с949
2481;2;1483;483 автобус;А_483
2482;5;4021;21 электробус;Э_21
2483;5;4526;526 электробус;Э_526
2484;5;4645;645 электробус;Э_645
2485;5;4768;с768 электробус;Э_с768
2486;5;4895;895 электробус;Э_895
2487;5;4924;с924 электобус;Э_с924
2488;5;4934;934 электробус;Э_934
2501;2;1358;358 автобус;А_358
2502;5;4054;м54 электробус;Э_м54
2503;5;4220;220 электробус;Э_220
2504;5;4325;325 электробус;Э_325
2505;5;4379;379 электробус;Э_379
2506;5;4521;521 электробус;Э_521
2507;2;6102;102 коммерческий автобус;КА_102
2508;2;6122;с122 коммерческий перевозчик;КА_с122
2509;2;6128;128 коммерческий автобус;КА_128
2510;2;6161;с161 коммерческий автобус;КА_с161
2511;2;6241;241 коммерческий автобус;КА_241
2512;2;6862;862 коммерческий автобус;КА_862
2521;2;6020;37 коммерческий автобус;КА_37
2541;2;3675;с675 автобус;А_с675
2562;5;4005;м5 электробус;Э_м5
2563;5;4106;м6 электробус;Э_м6
2564;5;4349;349 электробус;Э_349
2565;5;4726;726 электробус;Э_726
2581;2;1000;Sk4 автобус;А_Sk4
2582;2;1912;912 автобус;А_912
2583;2;2000;Sk2 автобус;А_Sk2
2585;2;6098;98 коммерческий автобус;КА_98
2586;2;6217;с217 коммерческий автобус;КА_с217
2587;2;6255;255 коммерческий автобус;КА_255
2588;2;6275;275 коммерческий автобус;КА_275
2589;2;6899;899 автобус (контракт);А_899
2590;5;3000;Sk3 электробус;Э_Sk3
2594;5;4650;650 электробус;Э_650
2596;5;4765;765 электрообус;Э_765
2601;2;6245;245 коммерческий автобус;КА_245
2602;2;6287;287 коммерческий автобус;КА_287
2621;2;2057;м57 автобус;А_м57
2622;5;4010;н10 электробус;Э_н10
2623;5;4035;м35 электробус;Э_м35
2624;5;4040;40 электробус;Э_40
2625;5;4067;67 электробус;Э_67
2626;5;4068;68 электробус;Э_68
2627;5;4071;71 электробус;Э_71
2628;5;4072;72 электробус;Э_72
2629;5;4077;77 электробус;Э_77
2630;5;4078;78 электробус;Э_78
2631;5;4086;т86 электробус;Э_т86
2632;5;4090;м90 электробус;Э_м90
2633;5;4095;м95 электробус;Э_м95
2634;5;4099;е99 электробус;Э_е99
2635;5;4108;108 электробус;Э_108
2636;5;4129;т29 электробус;Э_т29
2637;5;4132;т32 электробус;Э_т32
2638;5;4134;м34 электробус;Э_м34
2639;5;4146;146 электробус;Э_146
2640;5;4152;152 электробус;Э_152
2641;5;4155;155 электробус;Э_155
2642;5;4160;60 электробус;Э_60
2643;5;4163;с163 электробус;Э_с163
2644;5;4165;165 электробус;Э_165
2645;5;4179;с179 электробус;Э_с179
2646;5;4181;181 электробус;Э_181
2647;5;4238;238 электробус;Э_238
2648;5;4249;с249 электробус;Э_с249
2649;5;4254;254 электробус;Э_254
2650;5;4257;257 электробус;Э_257
2651;5;4263;с263 электробус;Э_с263
2652;5;4273;273 электробус;Э_273
2653;5;4274;274 электробус;Э_274
2654;5;4279;279 электробус;Э_279
2655;5;4280;с280 электробус;Э_с280
2656;5;4284;284 электробус;Э_284
2657;5;4285;285 электробус;Э_285
2658;5;4322;322 электробус;Э_322
2659;5;4382;382 электробус;Э_382
2660;5;4384;384 электробус;Э_384
2661;5;4394;394 электробус;Э_394
2662;5;4404;304к электробус;Э_304к
2663;5;4427;427 электробус;Э_427
2664;5;4470;470 электробус;Э_470
2665;5;4484;384к электробус;Э_384к
2666;5;4499;499 электробус;Э_499
2667;5;4504;504 электробус;Э_504
2668;5;4524;524 электробус;Э_524
2669;5;4533;533 электробус;Э_533
2670;5;4543;с543 электробус;Э_с543
2671;5;4633;с633 электробус;Э_с633
2672;5;4634;634 электробус;Э_634
2673;5;4652;652 электробус;Э_652
2674;5;4656;656 электробус;Э_656
2675;5;4664;664 электробус;Э_664
2676;5;4675;с675 электробус;Э_с675
2677;5;4677;677к электробус;Э_677к
2679;5;4696;696 электробус;Э_696
2680;5;4707;707 электробус;Э_707
2681;5;4734;734 электробус;Э_734
2682;5;4766;766 электробус;Э_766
2683;5;4776;776 электробус;Э_776
2684;5;4784;784 электробус;Э_784
2685;5;4788;788 электробус;Э_788
2686;5;4802;802 электробус;Э_802
2687;5;4824;824 электробус;Э_824
2688;5;4827;с827 электробус;Э_с827
2689;5;4831;831 электробус;Э_831
2690;5;4850;с850 электробус;Э_с850
2691;5;4856;с856 электробус;Э_с856
2692;5;4869;с869 электробус;Э_с869
2693;5;4878;878 электробус;Э_878
2694;5;4888;888 электробус;Э_888
2695;5;4892;892 электробус;Э_892
2696;5;4893;893 электробус;Э_893
2697;5;4914;с914 электробус;Э_с914
2698;5;4918;с918 электробус;Э_с918
2699;5;4941;с9410 электробус;Э_с941
2700;5;4947;947 электробус;Э_947
2701;5;4960;с960 электробус;Э_с960
2702;5;4970;с970 электробус;Э_с970
2703;5;4975;975 электробус;Э_975
2704;5;4993;993 электробус;Э_993
2705;5;4997;с997 электробус;Э_с997
2707;2;6258;с258 коммерческий автобус;КА_с258
2709;2;6296;296 автобус (контракт);ГКА_296
2710;2;6598;598 коммерческий автобус;КА_598
2711;2;6890;890 коммерческий автобус;КА_890
2741;2;2044;м44 автобус;А_м44
2742;2;3676;с676 автобус;А_с676
2743;5;4603;503 электробус;Э_503
2762;5;4044;м44к электробус;Э_м44к
2763;2;6564;564 коммерческий автобус;А_564
2764;5;4561;561 электробус;Э_561
2765;5;4586;586 электробус;Э_586
2766;2;1981;981 автобус;А_981
2767;2;1937;937 автобус;А_937
2768;5;4331;с331 электробус;Э_с331
2769;2;6256;256 коммерческий автобус;КА_256
2781;2;6690;690 коммерческий автобус;КА_690
2801;5;4963;с963 электробус;Э_с963
2821;2;1512;512 автобус;А_512
2861;5;4953;с953 электробус;Э_с953
2881;2;6679;с679 коммерческий автобус;А_с679
2901;2;6192;192 коммерческий автобус;КА_192
2921;5;4168;168 электробус;Э_168
2922;5;4973;с973 электробус;Э_с973
2923;5;4278;278 электробус;Э_278
2924;5;4187;с187 электробус;Э_с187
2941;2;1324;324 автобус;А_324
2942;2;1357;357 автобус;А_357
2943;2;3117;с117 автобус;А_с117
2944;2;3348;с348 автобус;А_с348
2945;5;4126;126 электробус;Э_126
2946;2;3156;с156 автобус;А_с156
2947;5;4459;359 электробус;Э_359
2948;2;5131;е131 автобус;А_е131
2949;2;5132;е132 автобус;А_е132
2950;2;5151;е151 автобус;А_е151
2951;5;5152;е152 электробус;Э_е152
2952;2;6218;с118 автобус (контракт);ГКА_с118
2961;5;4940;940 электробус;Э_940
2962;5;4998;998 электробус;Э_998
2963;2;6834;834 коммерческий автобус;КА_834
2964;2;6929;969к коммерческий автобус;КА_969к
2965;2;6939;969 коммерческий автобус;КА_969
2966;2;6956;956 коммерческий автобус;КА_956
2967;2;8210;АВ01 автобус;А_АВ01
2981;5;4755;с755 электробус;Э_с755
